id,slug,name,priceUsd,priceAed,discountPriceUsd,discountPriceAed,currentPegRoundedAed,differenceAed,ratio,detailError
"10","","Sunny Sunflowers","100","375","","","365","10","1.0274","/api/products/10 HTTP 401"
"100","","Pink Hydrangea","25","100","","","90","10","1.1111","/api/products/100 HTTP 401"
"1000","","7 Red Roses Bouquet","53","195","","","195","0","1","/api/products/1000 HTTP 401"
"1001","","14 Red Roses Bouquet","103","380","","","380","0","1","/api/products/1001 HTTP 401"
"1002","","21 Red Roses Bouquet","150","550","","","550","0","1","/api/products/1002 HTTP 401"
"1003","","Anthurium","52","190","","","190","0","1","/api/products/1003 HTTP 401"
"1004","","Poinsettia","52","190","","","190","0","1","/api/products/1004 HTTP 401"
"1005","","White Indulgence","180","600","","","660","-60","0.9091","/api/products/1005 HTTP 401"
"1006","","Pearl Lux Bundle","200","700","","","735","-35","0.9524","/api/products/1006 HTTP 401"
"1007","","The Birthday Ferrero Bundle","170","680","","","625","55","1.088","/api/products/1007 HTTP 401"
"1008","","Blush Rose Vase","50","193","","","185","8","1.0432","/api/products/1008 HTTP 401"
"1009","","Crimson Rose Vase","50","193","","","185","8","1.0432","/api/products/1009 HTTP 401"
"101","","Sunflower","10","40","","","35","5","1.1429","/api/products/101 HTTP 401"
"1010","","Ivory Rose Vase","50","193","","","185","8","1.0432","/api/products/1010 HTTP 401"
"1011","","Golden Rose Vase","50","193","","","185","8","1.0432","/api/products/1011 HTTP 401"
"1012","","Strawberry Cheesecake","40","154","","","145","9","1.0621","/api/products/1012 HTTP 401"
"1013","","test","1","1","","","5","-4","0.2","/api/products/1013 HTTP 401"
"1014","","Pink Lily Vase","60","230","","","220","10","1.0455","/api/products/1014 HTTP 401"
"1015","","Small Orange Baby Rose Bouquet","95","366","","","350","16","1.0457","/api/products/1015 HTTP 401"
"1016","","Big Orange Baby Rose Bouquet","270","1040","","","990","50","1.0505","/api/products/1016 HTTP 401"
"1017","","15 Orange Roses Arrangement","55","212","","","200","12","1.06","/api/products/1017 HTTP 401"
"1018","","25 Orange Roses Arrangement","87","335","","","320","15","1.0469","/api/products/1018 HTTP 401"
"1019","","50 Orange Roses Arrangement","170","655","","","625","30","1.048","/api/products/1019 HTTP 401"
"102","","White Lily","9.1","35","","","35","0","1","/api/products/102 HTTP 401"
"1020","","100 Orange Roses Arrangement","307","1183","","","1125","58","1.0516","/api/products/1020 HTTP 401"
"1021","","Giant Panda","285","1050","","","1045","5","1.0048","/api/products/1021 HTTP 401"
"1022","","Pink Orchids","80","308","","","295","13","1.0441","/api/products/1022 HTTP 401"
"1023","","Ocean Bloom","100","385","","","365","20","1.0548","/api/products/1023 HTTP 401"
"1024","","Forever Yours","307","1183","","","1125","58","1.0516","/api/products/1024 HTTP 401"
"1025","","The Grand Gesture","1500","5510","","","5510","0","1","/api/products/1025 HTTP 401"
"1026","","Golden Glow","120","462","","","440","22","1.05","/api/products/1026 HTTP 401"
"1027","","Ray of Joy","75","290","","","275","15","1.0545","/api/products/1027 HTTP 401"
"1028","","Blushing Grace","55","213","","","200","13","1.065","/api/products/1028 HTTP 401"
"1029","","Love Bomb Box","130","330","","","475","-145","0.6947","/api/products/1029 HTTP 401"
"103","","Pink Lily","9.1","35","","","35","0","1","/api/products/103 HTTP 401"
"1030","","Happy Birthday Bundle - Rocher","62","232","","","230","2","1.0087","/api/products/1030 HTTP 401"
"1031","","Heart of Roses","350","1300","","","1285","15","1.0117","/api/products/1031 HTTP 401"
"1032","","Small Yellow Baby Rose Bouquet","95","366","","","350","16","1.0457","/api/products/1032 HTTP 401"
"1033","","Big Yellow Baby Rose Bouquet","270","1040","","","990","50","1.0505","/api/products/1033 HTTP 401"
"1034","","Blue Serenity","350","1300","","","1285","15","1.0117","/api/products/1034 HTTP 401"
"1035","","Golden Harmony","307","1183","","","1125","58","1.0516","/api/products/1035 HTTP 401"
"1036","","Hello Little One","245","900","","","900","0","1","/api/products/1036 HTTP 401"
"1037","","Welcome Baby Boy Luxe Setup","285","1100","","","1045","55","1.0526","/api/products/1037 HTTP 401"
"1038","","Personalized Baby Boy Welcome Setup","400","1520","","","1470","50","1.034","/api/products/1038 HTTP 401"
"1039","","Little Princess Welcome Setup","215","810","","","790","20","1.0253","/api/products/1039 HTTP 401"
"104","","Orange Gerbera","6.1","25","","","20","5","1.25","/api/products/104 HTTP 401"
"1040","","It’s a Girl Celebration Setup","215","810","","","790","20","1.0253","/api/products/1040 HTTP 401"
"1041","","Birthday Boy Grand Celebration","300","1160","","","1100","60","1.0545","/api/products/1041 HTTP 401"
"1042","","Jungle Adventure Birthday","265","1025","","","975","50","1.0513","/api/products/1042 HTTP 401"
"1043","","Ivory Grandeur","225","850","","","825","25","1.0303","/api/products/1043 HTTP 401"
"1044","","Scarlet Majesty","300","1150","","","1100","50","1.0455","/api/products/1044 HTTP 401"
"1045","","Blush Grandeur","250","960","","","920","40","1.0435","/api/products/1045 HTTP 401"
"1046","","Crimson Devotion","250","960","","","920","40","1.0435","/api/products/1046 HTTP 401"
"105","","Yellow Gerbera","6.1","25","","","20","5","1.25","/api/products/105 HTTP 401"
"1054","","Blush Hydrangea Basket","170","630","","","625","5","1.008","/api/products/1054 HTTP 401"
"1055","","Blush Horizon","95","360","","","350","10","1.0286","/api/products/1055 HTTP 401"
"1056","","Champagne Lines","85","320","","","310","10","1.0323","/api/products/1056 HTTP 401"
"1057","","Sunset Table","105","390","","","385","5","1.013","/api/products/1057 HTTP 401"
"1058","","Crimson Grace","110","415","","","405","10","1.0247","/api/products/1058 HTTP 401"
"1059","","Fresh Elegance","160","610","","","590","20","1.0339","/api/products/1059 HTTP 401"
"106","","Pink Gerbera","6.1","25","","","20","5","1.25","/api/products/106 HTTP 401"
"1060","","Pink Garden","145","550","","","535","15","1.028","/api/products/1060 HTTP 401"
"1065","","Lilac Mist","30","","","","110","","","/api/products/1065 HTTP 401"
"1066","","Pure White","30","","","","110","","","/api/products/1066 HTTP 401"
"1067","","Blue Haven","60","","","","220","","","/api/products/1067 HTTP 401"
"107","","White Gerbera","6.1","25","","","20","5","1.25","/api/products/107 HTTP 401"
"108","","Red Gerbera","6.1","25","","","20","5","1.25","/api/products/108 HTTP 401"
"109","","Purple Gerbera","6.1","25","","","20","5","1.25","/api/products/109 HTTP 401"
"11","","Petite Flower Sky","11","40","","","40","0","1","/api/products/11 HTTP 401"
"110","","Yellow Ranunculus","6.66","26","","","25","1","1.04","/api/products/110 HTTP 401"
"111","","Red Ranunculus","6.66","26","","","25","1","1.04","/api/products/111 HTTP 401"
"112","","Orange Carnation","7.77","30","","","30","0","1","/api/products/112 HTTP 401"
"113","","Pink Carnation","7.77","30","","","30","0","1","/api/products/113 HTTP 401"
"114","","White Carnation","7.77","30","","","30","0","1","/api/products/114 HTTP 401"
"115","","Red Carnation","7.77","30","","","30","0","1","/api/products/115 HTTP 401"
"116","","Purple Carnation","7.77","30","","","30","0","1","/api/products/116 HTTP 401"
"117","","Yellow Chrysanthemum","6.6","26","","","25","1","1.04","/api/products/117 HTTP 401"
"118","","Purple Chrysanthemum","6.6","26","","","25","1","1.04","/api/products/118 HTTP 401"
"119","","Orange Chrysanthemum","6.6","26","","","25","1","1.04","/api/products/119 HTTP 401"
"12","","Pastel Blooms","90","340","","","330","10","1.0303","/api/products/12 HTTP 401"
"120","","Red Chrysanthemum","6.6","26","","","25","1","1.04","/api/products/120 HTTP 401"
"121","","16 Piece Ferrero Rocher","17","100","","","60","40","1.6667","/api/products/121 HTTP 401"
"122","","24 Piece Ferrero Rocher","26","140","","","95","45","1.4737","/api/products/122 HTTP 401"
"123","","30 Piece Ferrero Rocher","30","160","","","110","50","1.4545","/api/products/123 HTTP 401"
"124","","Bundle of 30 Pink Tulips","240","850","","","880","-30","0.9659","/api/products/124 HTTP 401"
"13","","Snowy Florals","70","265","","","255","10","1.0392","/api/products/13 HTTP 401"
"14","","Deep Blossoms","230","865","","","845","20","1.0237","/api/products/14 HTTP 401"
"15","","Velvet Blooms","70","265","","","255","10","1.0392","/api/products/15 HTTP 401"
"155","","Congrats Roses Joy Bundle","33","130","","","120","10","1.0833","/api/products/155 HTTP 401"
"156","","Get Well Soon Sunshine Bundle","32","130","","","120","10","1.0833","/api/products/156 HTTP 401"
"157","","Heart Of Gold Rose Bundle","32","130","","","120","10","1.0833","/api/products/157 HTTP 401"
"158","","Anniversary Elegance Bundle","32","130","","","120","10","1.0833","/api/products/158 HTTP 401"
"159","","Endless Love Bloom Set","33","130","","","120","10","1.0833","/api/products/159 HTTP 401"
"16","","Hydrangea Clouds","115","430","","","420","10","1.0238","/api/products/16 HTTP 401"
"160","","Ring Of Love Bloom Bundle","38","150","","","140","10","1.0714","/api/products/160 HTTP 401"
"161","","Glow Celebration Bundle","26","100","","","95","5","1.0526","/api/products/161 HTTP 401"
"162","","Butterfly Birthday Bloom Bundle","33","130","","","120","10","1.0833","/api/products/162 HTTP 401"
"163","","Sky Blue Birthday Surprise","28","110","","","105","5","1.0476","/api/products/163 HTTP 401"
"164","","Sweet Love Rose Surprise","28","110","","","105","5","1.0476","/api/products/164 HTTP 401"
"165","","Congrats Tulips Joy Bundle","33","130","","","120","10","1.0833","/api/products/165 HTTP 401"
"166","","Pink Harmony Flower & Balloon","30","120","","","110","10","1.0909","/api/products/166 HTTP 401"
"167","","Tulip Passion Gift Bundle","30","120","","","110","10","1.0909","/api/products/167 HTTP 401"
"168","","Baby Girl Blossom Surprise","38","150","","","140","10","1.0714","/api/products/168 HTTP 401"
"169","","Yellow Glow Bloom Duo","26","100","","","95","5","1.0526","/api/products/169 HTTP 401"
"17","","Floral Skies","115","430","","","420","10","1.0238","/api/products/17 HTTP 401"
"170","","Baby Boy Blossom Surprise","26","100","","","95","5","1.0526","/api/products/170 HTTP 401"
"171","","Best Mom Ever Bloom Bundle","28","110","","","105","5","1.0476","/api/products/171 HTTP 401"
"172","","Bright Thank You Bundle","26","100","","","95","5","1.0526","/api/products/172 HTTP 401"
"173","","Welcome Home Love Bundle","26","100","","","95","5","1.0526","/api/products/173 HTTP 401"
"174","","I Love Papá Bloom Bundle","25","100","","","90","10","1.1111","/api/products/174 HTTP 401"
"175","","Orange Joy Gift Bundle","16","65","","","60","5","1.0833","/api/products/175 HTTP 401"
"176","","Pink Bliss Bloom Bundle","16","65","","","60","5","1.0833","/api/products/176 HTTP 401"
"177","","Lavender Love Bundle","18","70","","","65","5","1.0769","/api/products/177 HTTP 401"
"178","","Blushing Beauty Flower Set","32","130","","","120","10","1.0833","/api/products/178 HTTP 401"
"179","","Silver Heart Lily Bundle","26","100","","","95","5","1.0526","/api/products/179 HTTP 401"
"18","","Garden Mix","110","415","","","405","10","1.0247","/api/products/18 HTTP 401"
"180","","Hot Pink Rose","8","40","","","30","10","1.3333","/api/products/180 HTTP 401"
"181","","Baby Boy Basket","70","275","","","255","20","1.0784","/api/products/181 HTTP 401"
"182","","Baby Girl Basket","80","315","","","295","20","1.0678","/api/products/182 HTTP 401"
"183","","Love Basket","125","491","","","460","31","1.0674","/api/products/183 HTTP 401"
"184","","Get Well Soon Basket","100","394","","","365","29","1.0795","/api/products/184 HTTP 401"
"185","","Pastel Basket","85","334","","","310","24","1.0774","/api/products/185 HTTP 401"
"186","","Congrats Basket","115","453","","","420","33","1.0786","/api/products/186 HTTP 401"
"187","","Fruit Basket","75","295","","","275","20","1.0727","/api/products/187 HTTP 401"
"188","","Her Birthday Basket","95","374","","","350","24","1.0686","/api/products/188 HTTP 401"
"189","","His Birthday Basket","95.5","374","","","350","24","1.0686","/api/products/189 HTTP 401"
"19","","Blue Floral Radiance","15","52","","","55","-3","0.9455","/api/products/19 HTTP 401"
"190","","Pearl Petals Basket","91.5","359","","","335","24","1.0716","/api/products/190 HTTP 401"
"191","","Cotton Candy Basket","91.5","359","","","335","24","1.0716","/api/products/191 HTTP 401"
"192","","Heartfelt Blooms Basket","135","531","","","495","36","1.0727","/api/products/192 HTTP 401"
"193","","Sweetheart Floral Basket","135","531","","","495","36","1.0727","/api/products/193 HTTP 401"
"194","","Red Hood Floral Basket","140","550","","","515","35","1.068","/api/products/194 HTTP 401"
"195","","Girlie Basket","130","511","","","475","36","1.0758","/api/products/195 HTTP 401"
"196","","Cheerful Floral Basket","85","334","","","310","24","1.0774","/api/products/196 HTTP 401"
"197","","The Daisy Basket","115","453","","","420","33","1.0786","/api/products/197 HTTP 401"
"198","","Peachy Floral Basket","130","511","","","475","36","1.0758","/api/products/198 HTTP 401"
"199","","Plum Floral Basket","110","433","","","405","28","1.0691","/api/products/199 HTTP 401"
"2","","Passionate Roses","100","375","","","365","10","1.0274","/api/products/2 HTTP 401"
"20","","Soft Pastels","130","490","","","475","15","1.0316","/api/products/20 HTTP 401"
"200","","Passionate Florals Basket","190","748","","","700","48","1.0686","/api/products/200 HTTP 401"
"201","","Painting Blooms Basket","120","473","","","440","33","1.075","/api/products/201 HTTP 401"
"202","","Royal Basket","145","570","","","535","35","1.0654","/api/products/202 HTTP 401"
"203","","The Sanctuary Basket","120","473","","","440","33","1.075","/api/products/203 HTTP 401"
"204","","Tulips Rush Basket","195","767","","","715","52","1.0727","/api/products/204 HTTP 401"
"21","","Ocean Flower Breeze","22","75","","","80","-5","0.9375","/api/products/21 HTTP 401"
"213","","Yellow Happy Birthday Candle","10","39","","","35","4","1.1143","/api/products/213 HTTP 401"
"214","","Red Happy Birthday Candle","10","39","","","35","4","1.1143","/api/products/214 HTTP 401"
"215","","Strawberry Cheesecake","40","154","","","145","9","1.0621","/api/products/215 HTTP 401"
"216","","Chocolate Fudge Cake","40","154","","","145","9","1.0621","/api/products/216 HTTP 401"
"217","","Choco Fraisier Cake","40","154","","","145","9","1.0621","/api/products/217 HTTP 401"
"218","","Lotus Cheesecake","40","154","","","145","9","1.0621","/api/products/218 HTTP 401"
"219","","Red Velvet Cake","40","154","","","145","9","1.0621","/api/products/219 HTTP 401"
"22","","Shy Whispers","110","415","","","405","10","1.0247","/api/products/22 HTTP 401"
"220","","Mabrouk","11","42","","","40","2","1.05","/api/products/220 HTTP 401"
"221","","Happy Birthday Habibi","11","42","","","40","2","1.05","/api/products/221 HTTP 401"
"222","","Chocolate Rocher Cake","48","185","","","175","10","1.0571","/api/products/222 HTTP 401"
"223","","Eid Min Lyoum? Candle","10","39","","","35","4","1.1143","/api/products/223 HTTP 401"
"224","","Aakbal el Miyye","11","42","","","40","2","1.05","/api/products/224 HTTP 401"
"225","","Nutella Cake","40","154","","","145","9","1.0621","/api/products/225 HTTP 401"
"226","","Tiramisu Cake","40","154","","","145","9","1.0621","/api/products/226 HTTP 401"
"227","","Fraisier Cake","40","154","","","145","9","1.0621","/api/products/227 HTTP 401"
"228","","Big Pink Baby Rose Bouquet","270","1040","","","990","50","1.0505","/api/products/228 HTTP 401"
"229","","Pink Baby Rose Grande Bouquet","234","902","","","860","42","1.0488","/api/products/229 HTTP 401"
"23","","Small Sunray Bouquet","14","50","","","50","0","1","/api/products/23 HTTP 401"
"230","","Red Baby Rose Grande Bouquet","234","902","","","860","42","1.0488","/api/products/230 HTTP 401"
"231","","Big Red Baby Rose Bouquet","270","1040","","","990","50","1.0505","/api/products/231 HTTP 401"
"233","","Flowers for the Cure","25","96","","","90","6","1.0667","/api/products/233 HTTP 401"
"234","","Monochrome Heart","250","963","","","920","43","1.0467","/api/products/234 HTTP 401"
"235","","Symphony in Bloom","58","224","","","215","9","1.0419","/api/products/235 HTTP 401"
"236","","Medium Pink Heart Box","135","520","","","495","25","1.0505","/api/products/236 HTTP 401"
"237","","15 Purple Roses Arrangement","55","212","","","200","12","1.06","/api/products/237 HTTP 401"
"238","","15 Red Roses Arrangement","55","212","","","200","12","1.06","/api/products/238 HTTP 401"
"239","","15 White Roses Arrangement","55","212","","","200","12","1.06","/api/products/239 HTTP 401"
"24","","Dreamy Florals","75","280","","","275","5","1.0182","/api/products/24 HTTP 401"
"240","","15 Pink Roses Arrangement","55","212","","","200","12","1.06","/api/products/240 HTTP 401"
"241","","Midnight Essence Basket","170","655","","","625","30","1.048","/api/products/241 HTTP 401"
"242","","Bloom Éclat Basket","210","809","","","770","39","1.0506","/api/products/242 HTTP 401"
"243","","1000 Yellow Roses Basket","2300","8863","","","8445","418","1.0495","/api/products/243 HTTP 401"
"244","","1000 White Roses Basket","2300","8863","","","8445","418","1.0495","/api/products/244 HTTP 401"
"245","","1000 Red Roses Basket","2300","8863","","","8445","418","1.0495","/api/products/245 HTTP 401"
"246","","1000 Pink Roses Basket","2300","8863","","","8445","418","1.0495","/api/products/246 HTTP 401"
"247","","Blossom Dream Basket","88","339","","","325","14","1.0431","/api/products/247 HTTP 401"
"248","","Sun-Kissed Dream Basket x Beesline","100","385","","","365","20","1.0548","/api/products/248 HTTP 401"
"249","","Cheese and Wine Basket","350","1349","","","1285","64","1.0498","/api/products/249 HTTP 401"
"25","","Honey Floral Drop","20","72","","","75","-3","0.96","/api/products/25 HTTP 401"
"250","","Great Dad Celebration Balloon","14","50","","","50","0","1","/api/products/250 HTTP 401"
"252","","Birthday Bliss Balloon","14","50","","","50","0","1","/api/products/252 HTTP 401"
"253","","I Love You Balloon","14","50","","","50","0","1","/api/products/253 HTTP 401"
"254","","Pink Birthday Balloon Bundle","29","112","","","105","7","1.0667","/api/products/254 HTTP 401"
"255","","50 Pink Hearts Balloon Bundle","296","1141","","","1085","56","1.0516","/api/products/255 HTTP 401"
"256","","50 Red Hearts Balloon Bundle","296","1141","","","1085","56","1.0516","/api/products/256 HTTP 401"
"257","","10 Mixed Hearts Balloon Bundle","64","247","","","235","12","1.0511","/api/products/257 HTTP 401"
"258","","Air Filled Happy Birthday Balloon","43","166","","","160","6","1.0375","/api/products/258 HTTP 401"
"259","","30 Gold Heart Foil Balloon","195","751","","","715","36","1.0503","/api/products/259 HTTP 401"
"26","","Golden Flower Fields","24","90","","","90","0","1","/api/products/26 HTTP 401"
"260","","Four Gold Heart Balloons","31","119","","","115","4","1.0348","/api/products/260 HTTP 401"
"261","","Smiley Balloon Bundle","24","92","","","90","2","1.0222","/api/products/261 HTTP 401"
"262","","50 Purple Balloons Bundle","212","817","","","780","37","1.0474","/api/products/262 HTTP 401"
"263","","50 Yellow Balloons Bundle","212","817","","","780","37","1.0474","/api/products/263 HTTP 401"
"264","","Blue Happy Birthday Bundle","31","119","","","115","4","1.0348","/api/products/264 HTTP 401"
"265","","50 Pink Balloons Bundle","212","817","","","780","37","1.0474","/api/products/265 HTTP 401"
"266","","50 Colorful Balloons Bundle","212","817","","","780","37","1.0474","/api/products/266 HTTP 401"
"267","","50 Blue Balloons Bundle","212","817","","","780","37","1.0474","/api/products/267 HTTP 401"
"268","","30 Red Heart Foil Balloon","197","759","","","725","34","1.0469","/api/products/268 HTTP 401"
"269","","30 Pink Heart Foil Balloon","197","759","","","725","34","1.0469","/api/products/269 HTTP 401"
"27","","Tangerine Flowers","14","42","","","50","-8","0.84","/api/products/27 HTTP 401"
"270","","Welcome Home Balloon","14","50","","","50","0","1","/api/products/270 HTTP 401"
"271","","Silver and Gold Chrome Balloons","27","104","","","100","4","1.04","/api/products/271 HTTP 401"
"272","","Classy Mix Chrome Balloons","27","104","","","100","4","1.04","/api/products/272 HTTP 401"
"273","","Anniversary Balloon Bundle","31","119","","","115","4","1.0348","/api/products/273 HTTP 401"
"274","","Silver Heart Balloon","14","50","","","50","0","1","/api/products/274 HTTP 401"
"275","","Pink Heart Balloon","14","42","","","50","-8","0.84","/api/products/275 HTTP 401"
"276","","Love You Balloon Bundle","31","119","","","115","4","1.0348","/api/products/276 HTTP 401"
"277","","Rose Gold and Silver Heart Balloons","31","119","","","115","4","1.0348","/api/products/277 HTTP 401"
"278","","Congrats! Balloon","14","50","","","50","0","1","/api/products/278 HTTP 401"
"279","","Love You! Balloon","14","50","","","50","0","1","/api/products/279 HTTP 401"
"28","","Fresh Greens","95","360","","","350","10","1.0286","/api/products/28 HTTP 401"
"280","","Happy Birthday Stars Balloon","14","50","","","50","0","1","/api/products/280 HTTP 401"
"282","","Birthday Balloon Room Deco","201","775","","","740","35","1.0473","/api/products/282 HTTP 401"
"283","","I Love You Balloon Room Deco","297","1144","","","1090","54","1.0495","/api/products/283 HTTP 401"
"284","","Bride Balloon Room Deco","233","898","","","855","43","1.0503","/api/products/284 HTTP 401"
"285","","Love Balloon in Silver","45","173","","","165","8","1.0485","/api/products/285 HTTP 401"
"286","","Love Balloon in Gold","45","173","","","165","8","1.0485","/api/products/286 HTTP 401"
"287","","Baby Girl Bundle","31","119","","","115","4","1.0348","/api/products/287 HTTP 401"
"288","","Gold Ring Balloon Bundle","32","123","","","120","3","1.025","/api/products/288 HTTP 401"
"289","","Baby Boy Bundle","31","119","","","115","4","1.0348","/api/products/289 HTTP 401"
"29","","Summer Is Calling","110","415","","","405","10","1.0247","/api/products/29 HTTP 401"
"290","","Pink Happy Birthday Bundle","29","112","","","105","7","1.0667","/api/products/290 HTTP 401"
"291","","4 Red Heart Balloons","30","118","","","110","8","1.0727","/api/products/291 HTTP 401"
"292","","6 Purple Chrome Balloons","27","104","","","100","4","1.04","/api/products/292 HTTP 401"
"293","","6 Silver Chrome Balloons","27","104","","","100","4","1.04","/api/products/293 HTTP 401"
"294","","6 Gold Chrome Balloons","27","104","","","100","4","1.04","/api/products/294 HTTP 401"
"295","","6 Purple Balloons","24","92","","","90","2","1.0222","/api/products/295 HTTP 401"
"296","","6 Orange Balloons","24","92","","","90","2","1.0222","/api/products/296 HTTP 401"
"297","","6 Green Balloons","24","92","","","90","2","1.0222","/api/products/297 HTTP 401"
"298","","6 Blue Chrome Balloons","27","104","","","100","4","1.04","/api/products/298 HTTP 401"
"299","","Happy Anniversary Balloon","14","50","","","50","0","1","/api/products/299 HTTP 401"
"3","","Roses Of Purity","100","375","","","365","10","1.0274","/api/products/3 HTTP 401"
"30","","Scarlet Bouquet","100","375","","","365","10","1.0274","/api/products/30 HTTP 401"
"300","","Ring Balloon","20","75","","","75","0","1","/api/products/300 HTTP 401"
"301","","Vibrant Balloon Mix","24","92","","","90","2","1.0222","/api/products/301 HTTP 401"
"302","","6 Blue Balloons","24","92","","","90","2","1.0222","/api/products/302 HTTP 401"
"303","","6 Red Balloons","24","92","","","90","2","1.0222","/api/products/303 HTTP 401"
"304","","6 Pink Balloons","24","92","","","90","2","1.0222","/api/products/304 HTTP 401"
"305","","6 Yellow Balloons","24","92","","","90","2","1.0222","/api/products/305 HTTP 401"
"306","","Red Heart Balloon","14","42","","","50","-8","0.84","/api/products/306 HTTP 401"
"307","","Get Well Balloon","14","50","","","50","0","1","/api/products/307 HTTP 401"
"308","","Happy Birthday! Balloon","14","50","","","50","0","1","/api/products/308 HTTP 401"
"309","","Congrats Bundle","31","119","","","115","4","1.0348","/api/products/309 HTTP 401"
"31","","Tender Roses","120","450","","","440","10","1.0227","/api/products/31 HTTP 401"
"310","","Baby Girl","14","50","","","50","0","1","/api/products/310 HTTP 401"
"311","","I Love You Balloon 2","14","50","","","50","0","1","/api/products/311 HTTP 401"
"312","","Baby Boy","14","50","","","50","0","1","/api/products/312 HTTP 401"
"313","","Gold Heart Balloon","14","50","","","50","0","1","/api/products/313 HTTP 401"
"314","","Get Well Soon Bundle","31","119","","","115","4","1.0348","/api/products/314 HTTP 401"
"315","","Happy Birthday Balloon","14","50","","","50","0","1","/api/products/315 HTTP 401"
"316","","4 Pink Heart Balloon Bouquet","32","123","","","120","3","1.025","/api/products/316 HTTP 401"
"317","","Best Mom Ever Balloon","14","69","","","50","19","1.38","/api/products/317 HTTP 401"
"318","","Hallab Maamoul Mini Mixed","150","578","","","550","28","1.0509","/api/products/318 HTTP 401"
"319","","Hallab Baklava Extra","170","655","","","625","30","1.048","/api/products/319 HTTP 401"
"32","","Orange Flower Grove","19","72","","","70","2","1.0286","/api/products/32 HTTP 401"
"320","","15 Yellow Roses Arrangement","55","212","","","200","12","1.06","/api/products/320 HTTP 401"
"321","","50 Purple Roses Arrangement","170","655","","","625","30","1.048","/api/products/321 HTTP 401"
"322","","50 Red Roses Arrangement","170","655","","","625","30","1.048","/api/products/322 HTTP 401"
"323","","50 White Roses Arrangement","170","655","","","625","30","1.048","/api/products/323 HTTP 401"
"324","","50 Yellow Roses Arrangement","170","655","","","625","30","1.048","/api/products/324 HTTP 401"
"325","","50 Pink Roses Arrangement","170","655","","","625","30","1.048","/api/products/325 HTTP 401"
"326","","50 Rose Grandeur Bouquet","175","674","","","645","29","1.045","/api/products/326 HTTP 401"
"327","","Classic Chocolate Box","55","212","","","200","12","1.06","/api/products/327 HTTP 401"
"328","","Small Red Baby Rose Bouquet","95","366","","","350","16","1.0457","/api/products/328 HTTP 401"
"329","","Small Pink Baby Rose Bouquet","95","366","","","350","16","1.0457","/api/products/329 HTTP 401"
"33","","Floral Contrast","80","300","","","295","5","1.0169","/api/products/33 HTTP 401"
"330","","Medium White Heart Box","135","520","","","495","25","1.0505","/api/products/330 HTTP 401"
"331","","Medium Yellow Heart Box","135","520","","","495","25","1.0505","/api/products/331 HTTP 401"
"332","","Medium Red Heart Box","135","520","","","495","25","1.0505","/api/products/332 HTTP 401"
"333","","15 Rose Charm Bouquet","55","212","","","200","12","1.06","/api/products/333 HTTP 401"
"334","","Blue Ribbon Bouquet","180","694","","","660","34","1.0515","/api/products/334 HTTP 401"
"335","","Amethyst Bouquet","42","152","","","155","-3","0.9806","/api/products/335 HTTP 401"
"336","","Flower Breeze","95","366","","","350","16","1.0457","/api/products/336 HTTP 401"
"337","","100 Rose Majesty Bouquet","307","1183","","","1125","58","1.0516","/api/products/337 HTTP 401"
"338","","100 Purple Roses Arrangement","307","1183","","","1125","58","1.0516","/api/products/338 HTTP 401"
"339","","100 White Roses Arrangement","307","1183","","","1125","58","1.0516","/api/products/339 HTTP 401"
"34","","Peach floral Spark","24","90","","","90","0","1","/api/products/34 HTTP 401"
"340","","100 Red Roses Arrangement","307","1183","","","1125","58","1.0516","/api/products/340 HTTP 401"
"341","","100 Pink Roses Arrangement","307","1183","","","1125","58","1.0516","/api/products/341 HTTP 401"
"342","","100 Yellow Roses Arrangement","307","1183","","","1125","58","1.0516","/api/products/342 HTTP 401"
"343","","25 Rose Elegance Bouquet","87","335","","","320","15","1.0469","/api/products/343 HTTP 401"
"344","","Sunflower Bloom Basket","240","870","","","880","-10","0.9886","/api/products/344 HTTP 401"
"345","","Heartbeat","135","520","","","495","25","1.0505","/api/products/345 HTTP 401"
"346","","Tender Love","135","520","","","495","25","1.0505","/api/products/346 HTTP 401"
"347","","Red Carpet","69","266","","","255","11","1.0431","/api/products/347 HTTP 401"
"348","","200 Rose Royalty Bouquet","580","2235","","","2130","105","1.0493","/api/products/348 HTTP 401"
"349","","The White Convoy","69","266","","","255","11","1.0431","/api/products/349 HTTP 401"
"35","","Violet Blooms","85","320","","","310","10","1.0323","/api/products/35 HTTP 401"
"351","","Large Red Heart Box","360","1387","","","1320","67","1.0508","/api/products/351 HTTP 401"
"352","","Large Yellow Heart Box","360","1387","","","1320","67","1.0508","/api/products/352 HTTP 401"
"353","","Large Pink Heart Box","360","1387","","","1320","67","1.0508","/api/products/353 HTTP 401"
"354","","25 Purple Roses Arrangement","87","335","","","320","15","1.0469","/api/products/354 HTTP 401"
"355","","25 White Roses Arrangement","87","335","","","320","15","1.0469","/api/products/355 HTTP 401"
"356","","25 Pink Roses Arrangement","87","335","","","320","15","1.0469","/api/products/356 HTTP 401"
"357","","25 Red Roses Arrangement","87","335","","","320","15","1.0469","/api/products/357 HTTP 401"
"358","","25 Yellow Roses Arrangement","87","335","","","320","15","1.0469","/api/products/358 HTTP 401"
"359","","Serenity","101","389","","","370","19","1.0514","/api/products/359 HTTP 401"
"36","","Mini Pink Petals","12","68","","","45","23","1.5111","/api/products/36 HTTP 401"
"360","","Sunbeam","69","266","","","255","11","1.0431","/api/products/360 HTTP 401"
"361","","Thriving Heart","90","347","","","330","17","1.0515","/api/products/361 HTTP 401"
"362","","Rosy Feelings","74","285","","","270","15","1.0556","/api/products/362 HTTP 401"
"363","","Birthday Surprise","110","424","","","405","19","1.0469","/api/products/363 HTTP 401"
"364","","Hand Picked Rainbow","69","266","","","255","11","1.0431","/api/products/364 HTTP 401"
"365","","XO Bag","212","817","","","780","37","1.0474","/api/products/365 HTTP 401"
"366","","Romantic Blooms","65","250","","","240","10","1.0417","/api/products/366 HTTP 401"
"367","","Remedy Florals","85","328","","","310","18","1.0581","/api/products/367 HTTP 401"
"368","","The Celebratory Bouquet","85","328","","","310","18","1.0581","/api/products/368 HTTP 401"
"369","","Lovergirl Vase","70","270","","","255","15","1.0588","/api/products/369 HTTP 401"
"37","","Rosé Charm","20","68","","","75","-7","0.9067","/api/products/37 HTTP 401"
"370","","Elegant Swan","70","270","","","255","15","1.0588","/api/products/370 HTTP 401"
"371","","Princess Peach","75","289","","","275","14","1.0509","/api/products/371 HTTP 401"
"372","","Pollen Vase","70","270","","","255","15","1.0588","/api/products/372 HTTP 401"
"373","","Lilac Blooms","55","212","","","200","12","1.06","/api/products/373 HTTP 401"
"374","","Pinkly Crafted","55","212","","","200","12","1.06","/api/products/374 HTTP 401"
"375","","White Muse","55","212","","","200","12","1.06","/api/products/375 HTTP 401"
"376","","Coral Florals","55","212","","","200","12","1.06","/api/products/376 HTTP 401"
"377","","Petal Affair","95","366","","","350","16","1.0457","/api/products/377 HTTP 401"
"378","","Golden Hour Bouquet","90","347","","","330","17","1.0515","/api/products/378 HTTP 401"
"379","","Floral Dream","95","366","","","350","16","1.0457","/api/products/379 HTTP 401"
"38","","Cotton Candy Flowers","27","98","","","100","-2","0.98","/api/products/38 HTTP 401"
"380","","Rainbow Dash","115","443","","","420","23","1.0548","/api/products/380 HTTP 401"
"381","","Love Bomb","140","539","","","515","24","1.0466","/api/products/381 HTTP 401"
"382","","Pastel Box","145","559","","","535","24","1.0449","/api/products/382 HTTP 401"
"383","","Sun's Essence","135","520","","","495","25","1.0505","/api/products/383 HTTP 401"
"384","","Feelin Zen","130","501","","","475","26","1.0547","/api/products/384 HTTP 401"
"385","","Single Red Bouquet","40","154","","","145","9","1.0621","/api/products/385 HTTP 401"
"386","","Single Pink Bouquet","35","135","","","130","5","1.0385","/api/products/386 HTTP 401"
"387","","Single Sunflower Bouquet","40","154","","","145","9","1.0621","/api/products/387 HTTP 401"
"388","","Single Lilac Bouquet","35","135","","","130","5","1.0385","/api/products/388 HTTP 401"
"39","","Pink Floral Daydream","29","115","","","105","10","1.0952","/api/products/39 HTTP 401"
"390","","Heart Rush","329","1268","","","1210","58","1.0479","/api/products/390 HTTP 401"
"391","","Ruby Bloom Vase","117","451","","","430","21","1.0488","/api/products/391 HTTP 401"
"392","","Timeless Tulip Charm","117","451","","","430","21","1.0488","/api/products/392 HTTP 401"
"393","","Red Majesty Basket","190","732","","","700","32","1.0457","/api/products/393 HTTP 401"
"394","","Pink Town Funk","69","266","","","255","11","1.0431","/api/products/394 HTTP 401"
"395","","Summer Fever Box","160","617","","","590","27","1.0458","/api/products/395 HTTP 401"
"396","","Velvet Petals","148","570","","","545","25","1.0459","/api/products/396 HTTP 401"
"397","","Flame Heart iPhone Box","2500","9634","","","9180","454","1.0495","/api/products/397 HTTP 401"
"398","","Fierce Love","80","308","","","295","13","1.0441","/api/products/398 HTTP 401"
"399","","White Harmony","115","443","","","420","23","1.0548","/api/products/399 HTTP 401"
"4","","Blushed Roses","100","375","","","365","10","1.0274","/api/products/4 HTTP 401"
"40","","Mini Red Hood","21","80","","","75","5","1.0667","/api/products/40 HTTP 401"
"400","","Rose Bloom","115","443","","","420","23","1.0548","/api/products/400 HTTP 401"
"402","","Blue Horizon","115","443","","","420","23","1.0548","/api/products/402 HTTP 401"
"403","","Black Eternal Rose","51","197","","","185","12","1.0649","/api/products/403 HTTP 401"
"404","","Pink Eternal Rose","51","197","","","185","12","1.0649","/api/products/404 HTTP 401"
"405","","Blue Eternal Rose","51","197","","","185","12","1.0649","/api/products/405 HTTP 401"
"406","","Snow Balls","110","424","","","405","19","1.0469","/api/products/406 HTTP 401"
"407","","Carré Mix Sablés Box","80","308","","","295","13","1.0441","/api/products/407 HTTP 401"
"408","","Ruby Red","110","424","","","405","19","1.0469","/api/products/408 HTTP 401"
"409","","Pop Of Pink","110","424","","","405","19","1.0469","/api/products/409 HTTP 401"
"41","","Ruby Flowers","21","75","","","75","0","1","/api/products/41 HTTP 401"
"410","","Carré Mix Sablés + Chocolate Box","90","347","","","330","17","1.0515","/api/products/410 HTTP 401"
"411","","A Tribute to Her","130","501","","","475","26","1.0547","/api/products/411 HTTP 401"
"412","","Summer Fever Bundle","165","636","","","605","31","1.0512","/api/products/412 HTTP 401"
"413","","Small Mix Sablés Box","48","185","","","175","10","1.0571","/api/products/413 HTTP 401"
"414","","Peach Rose Gift Box","195","751","","","715","36","1.0503","/api/products/414 HTTP 401"
"415","","Red Letter Box","191","736","","","700","36","1.0514","/api/products/415 HTTP 401"
"416","","Pink Letter Box","191","736","","","700","36","1.0514","/api/products/416 HTTP 401"
"417","","Flamingo Florals","70","270","","","255","15","1.0588","/api/products/417 HTTP 401"
"42","","Infernal Blooms","22","90","","","80","10","1.125","/api/products/42 HTTP 401"
"420","","Blooming Graduate","85","320","","","310","10","1.0323","/api/products/420 HTTP 401"
"421","","Sweet Success Bouquet","60","225","","","220","5","1.0227","/api/products/421 HTTP 401"
"422","","She Did It Blooms","70","265","","","255","10","1.0392","/api/products/422 HTTP 401"
"423","","Cheers to Dad","165","636","","","605","31","1.0512","/api/products/423 HTTP 401"
"424","","Baba’s Bonsai","80","308","","","295","13","1.0441","/api/products/424 HTTP 401"
"425","","Dad’s Signature Bouquet","40","154","","","145","9","1.0621","/api/products/425 HTTP 401"
"426","","Florals For My Hero","80","308","","","295","13","1.0441","/api/products/426 HTTP 401"
"427","","Baba’s Picks","55","212","","","200","12","1.06","/api/products/427 HTTP 401"
"428","","His Favorites","120","462","","","440","22","1.05","/api/products/428 HTTP 401"
"429","","Papa's Gift","110","424","","","405","19","1.0469","/api/products/429 HTTP 401"
"43","","Red Floral Majesty","27","100","","","100","0","1","/api/products/43 HTTP 401"
"430","","Dad’s Sunny Surprise","160","617","","","590","27","1.0458","/api/products/430 HTTP 401"
"431","","My Protector","50","193","","","185","8","1.0432","/api/products/431 HTTP 401"
"432","","Baba’s Morning Ritual","80","308","","","295","13","1.0441","/api/products/432 HTTP 401"
"433","","Dad's Garden","120","462","","","440","22","1.05","/api/products/433 HTTP 401"
"434","","Sabah El Wared","55","212","","","200","12","1.06","/api/products/434 HTTP 401"
"435","","Dad's Timeless Blooms","230","886","","","845","41","1.0485","/api/products/435 HTTP 401"
"436","","The Blush Muse Box","80","308","","","295","13","1.0441","/api/products/436 HTTP 401"
"437","","Feminine Bloom Ensemble","80","308","","","295","13","1.0441","/api/products/437 HTTP 401"
"438","","Blush Smeg Kettle Set","500","1927","","","1835","92","1.0501","/api/products/438 HTTP 401"
"439","","Box Of Petit Four Mix","100","385","","","365","20","1.0548","/api/products/439 HTTP 401"
"44","","Violet Roses","11","58","","","40","18","1.45","/api/products/44 HTTP 401"
"440","","The Fierce Bundle","111","428","","","410","18","1.0439","/api/products/440 HTTP 401"
"442","","White Whisper","85","328","","","310","18","1.0581","/api/products/442 HTTP 401"
"444","","Blue Sky","90","347","","","330","17","1.0515","/api/products/444 HTTP 401"
"445","","White Nights","74","285","","","270","15","1.0556","/api/products/445 HTTP 401"
"447","","150 Forever Tulips","405","1561","","","1485","76","1.0512","/api/products/447 HTTP 401"
"449","","Heart Fever Bundle","165","636","","","605","31","1.0512","/api/products/449 HTTP 401"
"45","","Lavender Floral Kiss","18","62","","","65","-3","0.9538","/api/products/45 HTTP 401"
"450","","Rosé Fever Bundle","180","694","","","660","34","1.0515","/api/products/450 HTTP 401"
"453","","15 Roses & Rocher Luxe Bundle","85","328","","","310","18","1.0581","/api/products/453 HTTP 401"
"454","","Omega Box","90","347","","","330","17","1.0515","/api/products/454 HTTP 401"
"455","","Petal Ecstasy","130","501","","","475","26","1.0547","/api/products/455 HTTP 401"
"456","","Mixed Tulip Vase & Ferrero Rocher Chocolate Bundle","150","578","","","550","28","1.0509","/api/products/456 HTTP 401"
"458","","The Endurance Bouquet","74","285","","","270","15","1.0556","/api/products/458 HTTP 401"
"459","","Preachy Box","85","328","","","310","18","1.0581","/api/products/459 HTTP 401"
"46","","Lilac Floral Essence","22","85","","","80","5","1.0625","/api/products/46 HTTP 401"
"460","","Ethereal Bloom","120","462","","","440","22","1.05","/api/products/460 HTTP 401"
"461","","80 Sweet Tulips","250","963","","","920","43","1.0467","/api/products/461 HTTP 401"
"462","","Eve","85","328","","","310","18","1.0581","/api/products/462 HTTP 401"
"463","","Brown Sugar","61","235","","","225","10","1.0444","/api/products/463 HTTP 401"
"464","","The Colorful Surprise","120","462","","","440","22","1.05","/api/products/464 HTTP 401"
"466","","Chery Breeze","74","285","","","270","15","1.0556","/api/products/466 HTTP 401"
"467","","Euphoria Rouge","168","647","","","615","32","1.052","/api/products/467 HTTP 401"
"468","","Pink Baby Rose Letter","195","751","","","715","36","1.0503","/api/products/468 HTTP 401"
"469","","Red Baby Rose Letter","195","751","","","715","36","1.0503","/api/products/469 HTTP 401"
"47","","Olive Floral Charm","12","50","","","45","5","1.1111","/api/products/47 HTTP 401"
"470","","Natural Admiration","69","266","","","255","11","1.0431","/api/products/470 HTTP 401"
"472","","Soft Senses","170","650","","","625","25","1.04","/api/products/472 HTTP 401"
"473","","White Orchids","80","308","","","295","13","1.0441","/api/products/473 HTTP 401"
"474","","Peaceful Bonsai","74","285","","","270","15","1.0556","/api/products/474 HTTP 401"
"475","","Cacti in a Pot","37","143","","","135","8","1.0593","/api/products/475 HTTP 401"
"476","","Vriesea","42","162","","","155","7","1.0452","/api/products/476 HTTP 401"
"477","","Areca Palm","160","617","","","590","27","1.0458","/api/products/477 HTTP 401"
"478","","Large Bonsai","170","655","","","625","30","1.048","/api/products/478 HTTP 401"
"479","","Large White Orchids","191","736","","","700","36","1.0514","/api/products/479 HTTP 401"
"48","","Herbal Blossoms","20","70","","","75","-5","0.9333","/api/products/48 HTTP 401"
"480","","Spikes","42","162","","","155","7","1.0452","/api/products/480 HTTP 401"
"481","","Guzmania","53","204","","","195","9","1.0462","/api/products/481 HTTP 401"
"482","","Money Tree","148","570","","","545","25","1.0459","/api/products/482 HTTP 401"
"483","","The Love Guzmania","74","285","","","270","15","1.0556","/api/products/483 HTTP 401"
"484","","ZZ Plant","53","204","","","195","9","1.0462","/api/products/484 HTTP 401"
"485","","Snake Plant","37","143","","","135","8","1.0593","/api/products/485 HTTP 401"
"487","","Whimsical Affection","85","328","","","310","18","1.0581","/api/products/487 HTTP 401"
"488","","Super You","85","328","","","310","18","1.0581","/api/products/488 HTTP 401"
"489","","Pour Toi","200","700","","","735","-35","0.9524","/api/products/489 HTTP 401"
"49","","Evergreen Forest","26","95","","","95","0","1","/api/products/49 HTTP 401"
"490","","Rosé Reverie","390","1503","","","1430","73","1.051","/api/products/490 HTTP 401"
"491","","Blush Euphoria","320","1233","","","1175","58","1.0494","/api/products/491 HTTP 401"
"492","","Tropical Sunset","95","366","","","350","16","1.0457","/api/products/492 HTTP 401"
"494","","Floral Cross","390","1503","","","1430","73","1.051","/api/products/494 HTTP 401"
"495","","A Little Tenderness","95","366","","","350","16","1.0457","/api/products/495 HTTP 401"
"496","","Sweet Scarlet Affair","200","700","","","735","-35","0.9524","/api/products/496 HTTP 401"
"497","","Fresh Promises","95","366","","","350","16","1.0457","/api/products/497 HTTP 401"
"498","","Her Grace","50","193","","","185","8","1.0432","/api/products/498 HTTP 401"
"499","","Elegant Lily","50","193","","","185","8","1.0432","/api/products/499 HTTP 401"
"5","","Golden Roses","100","375","","","365","10","1.0274","/api/products/5 HTTP 401"
"50","","Vintage Voyager Flowers","57","214","","","210","4","1.019","/api/products/50 HTTP 401"
"500","","Violet Whisper","90","347","","","330","17","1.0515","/api/products/500 HTTP 401"
"501","","Lush Garden Harmony","212","817","","","780","37","1.0474","/api/products/501 HTTP 401"
"502","","Douce Dame","133","513","","","490","23","1.0469","/api/products/502 HTTP 401"
"504","","Pink Whisper Tulips","117","451","","","430","21","1.0488","/api/products/504 HTTP 401"
"505","","Blooming Zest","55","212","","","200","12","1.06","/api/products/505 HTTP 401"
"506","","Mixed Tulip Vase Arrangement","117","451","","","430","21","1.0488","/api/products/506 HTTP 401"
"507","","Maxi Rouge","73","281","","","270","11","1.0407","/api/products/507 HTTP 401"
"508","","Violetta","85","328","","","310","18","1.0581","/api/products/508 HTTP 401"
"509","","The Eternity Bundle","118","455","","","435","20","1.046","/api/products/509 HTTP 401"
"51","","La Vie En Rose Flowers","52","220","","","190","30","1.1579","/api/products/51 HTTP 401"
"510","","Pure Eternity","41","158","","","150","8","1.0533","/api/products/510 HTTP 401"
"511","","Eternal Crush","41","158","","","150","8","1.0533","/api/products/511 HTTP 401"
"512","","Forever Fiery","41","158","","","150","8","1.0533","/api/products/512 HTTP 401"
"513","","Red Heart-Shaped Eternal Rose","127","489","","","465","24","1.0516","/api/products/513 HTTP 401"
"514","","Giant Teddy Bear","382","1472","","","1405","67","1.0477","/api/products/514 HTTP 401"
"516","","Lion","32","123","","","120","3","1.025","/api/products/516 HTTP 401"
"517","","Rosy the Bear","74","285","","","270","15","1.0556","/api/products/517 HTTP 401"
"518","","Red Bear","74","285","","","270","15","1.0556","/api/products/518 HTTP 401"
"519","","Raccoon","32","123","","","120","3","1.025","/api/products/519 HTTP 401"
"52","","Stem Floral Caress","50","184","","","185","-1","0.9946","/api/products/52 HTTP 401"
"520","","Buttercream Blooms","75","289","","","275","14","1.0509","/api/products/520 HTTP 401"
"521","","Sunshine Bloom Box","69","266","","","255","11","1.0431","/api/products/521 HTTP 401"
"522","","Red Roses Box- Black Box","85","328","","","310","18","1.0581","/api/products/522 HTTP 401"
"523","","Red Roses Box-White Box","85","328","","","310","18","1.0581","/api/products/523 HTTP 401"
"524","","White Roses Box-Black Box","85","328","","","310","18","1.0581","/api/products/524 HTTP 401"
"525","","White Roses Box-White Box","85","328","","","310","18","1.0581","/api/products/525 HTTP 401"
"526","","Pink Roses Box-Black Box","85","328","","","310","18","1.0581","/api/products/526 HTTP 401"
"527","","Pink Roses Box-White Box","85","328","","","310","18","1.0581","/api/products/527 HTTP 401"
"528","","Yellow Roses Box-Black Box","85","328","","","310","18","1.0581","/api/products/528 HTTP 401"
"529","","Yellow Roses Box-White Box","85","328","","","310","18","1.0581","/api/products/529 HTTP 401"
"53","","Handywoman Floral Bag","47","220","","","175","45","1.2571","/api/products/53 HTTP 401"
"530","","Fleurs Rouge","65","250","","","240","10","1.0417","/api/products/530 HTTP 401"
"531","","Yellow Eternal Rose","51","197","","","185","12","1.0649","/api/products/531 HTTP 401"
"532","","White Eternal Rose","51","197","","","185","12","1.0649","/api/products/532 HTTP 401"
"533","","Red Eternal Rose","51","197","","","185","12","1.0649","/api/products/533 HTTP 401"
"534","","The White Aquarium","42","162","","","155","7","1.0452","/api/products/534 HTTP 401"
"535","","Heavenly White Wreath – Personalized Tribute","280","1079","","","1030","49","1.0476","/api/products/535 HTTP 401"
"536","","Colossal Lilac Roses Box","360","1387","","","1320","67","1.0508","/api/products/536 HTTP 401"
"537","","Colossal Yellow Roses Box","360","1387","","","1320","67","1.0508","/api/products/537 HTTP 401"
"538","","Colossal White Roses Box","360","1387","","","1320","67","1.0508","/api/products/538 HTTP 401"
"539","","Colossal Pink Roses Box","360","1387","","","1320","67","1.0508","/api/products/539 HTTP 401"
"54","","Sunny Sidekick Flowers","47","174","","","175","-1","0.9943","/api/products/54 HTTP 401"
"540","","Colossal Red Roses Box","360","1387","","","1320","67","1.0508","/api/products/540 HTTP 401"
"541","","Autumn Luxe Basket","250","963","","","920","43","1.0467","/api/products/541 HTTP 401"
"542","","Pink Wink","80","308","","","295","13","1.0441","/api/products/542 HTTP 401"
"543","","Nature of Love","80","308","","","295","13","1.0441","/api/products/543 HTTP 401"
"544","","Crimson Devotion","117","451","","","430","21","1.0488","/api/products/544 HTTP 401"
"545","","Pink Chrysanthemum","6.6","26","","","25","1","1.04","/api/products/545 HTTP 401"
"546","","Violet Dream","117","451","","","430","21","1.0488","/api/products/546 HTTP 401"
"547","","Snowfall Tulip Bouquet","117","451","","","430","21","1.0488","/api/products/547 HTTP 401"
"548","","Sunset Tulip Embrace","117","451","","","430","21","1.0488","/api/products/548 HTTP 401"
"549","","Passionate Love","150","590","","","550","40","1.0727","/api/products/549 HTTP 401"
"55","","The Bright Floral Bag","47","184","","","175","9","1.0514","/api/products/55 HTTP 401"
"550","","Glowing Hue","95","366","","","350","16","1.0457","/api/products/550 HTTP 401"
"551","","Rosé Whisper","75","289","","","275","14","1.0509","/api/products/551 HTTP 401"
"552","","Charming Orange","106","408","","","390","18","1.0462","/api/products/552 HTTP 401"
"553","","Sunrise Sunflower","95","366","","","350","16","1.0457","/api/products/553 HTTP 401"
"554","","Plum Florals","75","289","","","275","14","1.0509","/api/products/554 HTTP 401"
"555","","Pink Indulgence Bundle","190","690","","","700","-10","0.9857","/api/products/555 HTTP 401"
"556","","The Bright Bouquet","85","328","","","310","18","1.0581","/api/products/556 HTTP 401"
"557","","Rural Love","42","162","","","155","7","1.0452","/api/products/557 HTTP 401"
"558","","The Living Bouquet","80","308","","","295","13","1.0441","/api/products/558 HTTP 401"
"559","","Roses Of Pearl","70","270","","","255","15","1.0588","/api/products/559 HTTP 401"
"56","","Chic Floral Tote","49","184","","","180","4","1.0222","/api/products/56 HTTP 401"
"560","","Bloom Like Her","318","1225","","","1170","55","1.047","/api/products/560 HTTP 401"
"561","","Sunflower Bliss Bouquet","180","694","","","660","34","1.0515","/api/products/561 HTTP 401"
"562","","Passionate Petals","60","231","","","220","11","1.05","/api/products/562 HTTP 401"
"564","","The Thriving Heart Bundle","120","500","","","440","60","1.1364","/api/products/564 HTTP 401"
"565","","Heavenly White Wreath","250","963","","","920","43","1.0467","/api/products/565 HTTP 401"
"566","","The Jungle Bundle","170","655","","","625","30","1.048","/api/products/566 HTTP 401"
"567","","Giraffe","32","123","","","120","3","1.025","/api/products/567 HTTP 401"
"568","","Birthday Bear","32","123","","","120","3","1.025","/api/products/568 HTTP 401"
"569","","Brown Bear","74","285","","","270","15","1.0556","/api/products/569 HTTP 401"
"57","","Light Heavenly Flowers","54","219","","","200","19","1.095","/api/products/57 HTTP 401"
"570","","Marmalade Bear","74","285","","","270","15","1.0556","/api/products/570 HTTP 401"
"571","","Tiger","32","123","","","120","3","1.025","/api/products/571 HTTP 401"
"572","","Hippo","32","123","","","120","3","1.025","/api/products/572 HTTP 401"
"573","","Giant Rose Teddy Bear","382","1472","","","1405","67","1.0477","/api/products/573 HTTP 401"
"574","","Love Bear","32","123","","","120","3","1.025","/api/products/574 HTTP 401"
"575","","Great Dad Celebration Balloon","13","45","","","50","-5","0.9","/api/products/575 HTTP 401"
"576","","I Love Papa","13","45","","","50","-5","0.9","/api/products/576 HTTP 401"
"577","","Happy Father’s Day Balloon Bundle","31","130","","","115","15","1.1304","/api/products/577 HTTP 401"
"579","","Peach Garden Basket","60","231","","","220","11","1.05","/api/products/579 HTTP 401"
"58","","Pink Floral Palette","57","214","","","210","4","1.019","/api/products/58 HTTP 401"
"580","","Lilac Serenity Basket","70","270","","","255","15","1.0588","/api/products/580 HTTP 401"
"581","","Tender Hug Basket","95","366","","","350","16","1.0457","/api/products/581 HTTP 401"
"582","","Scarlet Harmony Basket","55","212","","","200","12","1.06","/api/products/582 HTTP 401"
"583","","Colorful Joy Basket","100","385","","","365","20","1.0548","/api/products/583 HTTP 401"
"584","","Blush Balloon Basket","65","250","","","240","10","1.0417","/api/products/584 HTTP 401"
"585","","Eternal Grace Tribute","100","385","","","365","20","1.0548","/api/products/585 HTTP 401"
"586","","Pure Sympathy Arrangement","130","501","","","475","26","1.0547","/api/products/586 HTTP 401"
"588","","Summer Daisy Garden","65","251","","","240","11","1.0458","/api/products/588 HTTP 401"
"589","","Brick Red In Glass","65","250","","","240","10","1.0417","/api/products/589 HTTP 401"
"59","","Angel's Flowers Helmet","61","194","","","225","-31","0.8622","/api/products/59 HTTP 401"
"590","","Ice White In Glass","65","250","","","240","10","1.0417","/api/products/590 HTTP 401"
"591","","Light Pink In Glass","65","250","","","240","10","1.0417","/api/products/591 HTTP 401"
"592","","Brick Red Rose In Box","65","250","","","240","10","1.0417","/api/products/592 HTTP 401"
"593","","Ice White Rose In Box","65","250","","","240","10","1.0417","/api/products/593 HTTP 401"
"594","","Brick Red Roses In Box","88","339","","","325","14","1.0431","/api/products/594 HTTP 401"
"595","","Ice White Roses In Box","88","339","","","325","14","1.0431","/api/products/595 HTTP 401"
"596","","Soft Solstice","56","216","","","205","11","1.0537","/api/products/596 HTTP 401"
"597","","Ivory Mist","67","258","","","245","13","1.0531","/api/products/597 HTTP 401"
"598","","Lavender Whisper","48","185","","","175","10","1.0571","/api/products/598 HTTP 401"
"599","","Wildflower Meadow","81","312","","","295","17","1.0576","/api/products/599 HTTP 401"
"6","","Sweetheart Roses","160","600","","","590","10","1.0169","/api/products/6 HTTP 401"
"60","","To The Sun & Back Flowers","62","234","","","230","4","1.0174","/api/products/60 HTTP 401"
"600","","Golden Sunset","56","216","","","205","11","1.0537","/api/products/600 HTTP 401"
"601","","Vanilla Dreams","63","243","","","230","13","1.0565","/api/products/601 HTTP 401"
"602","","Winter Muse","80","308","","","295","13","1.0441","/api/products/602 HTTP 401"
"603","","Snow Petals","68","262","","","250","12","1.048","/api/products/603 HTTP 401"
"604","","Peach Mirage","42","162","","","155","7","1.0452","/api/products/604 HTTP 401"
"605","","Amethyst Harvest","56","216","","","205","11","1.0537","/api/products/605 HTTP 401"
"606","","Desert Oasis","76","293","","","280","13","1.0464","/api/products/606 HTTP 401"
"607","","Timeless Romance","88","339","","","325","14","1.0431","/api/products/607 HTTP 401"
"608","","Symphony in Bloom","73","281","","","270","11","1.0407","/api/products/608 HTTP 401"
"609","","Backyard Picks","70","270","","","255","15","1.0588","/api/products/609 HTTP 401"
"61","","Luggage of Flower Seeds","65","290","","","240","50","1.2083","/api/products/61 HTTP 401"
"610","","Sahara Sky","72","277","","","265","12","1.0453","/api/products/610 HTTP 401"
"611","","Purple Haze","69","266","","","255","11","1.0431","/api/products/611 HTTP 401"
"612","","Whimsical Affection","59","227","","","215","12","1.0558","/api/products/612 HTTP 401"
"613","","Tanginerine Sunlight","65","250","","","240","10","1.0417","/api/products/613 HTTP 401"
"614","","Timeless Scent","80","308","","","295","13","1.0441","/api/products/614 HTTP 401"
"615","","Golden Fields","57","220","","","210","10","1.0476","/api/products/615 HTTP 401"
"616","","Rural Love","41","158","","","150","8","1.0533","/api/products/616 HTTP 401"
"617","","Mountain Wildflower","28","108","","","105","3","1.0286","/api/products/617 HTTP 401"
"618","","Grandma's Garden","38","146","","","140","6","1.0429","/api/products/618 HTTP 401"
"619","","Natural Admiration","35","135","","","130","5","1.0385","/api/products/619 HTTP 401"
"62","","Orchard Flowers By My Side","62","259","","","230","29","1.1261","/api/products/62 HTTP 401"
"620","","Peace Lily","30","116","","","110","6","1.0545","/api/products/620 HTTP 401"
"621","","Wallisia","45","173","","","165","8","1.0485","/api/products/621 HTTP 401"
"622","","White Orchid","60","231","","","220","11","1.05","/api/products/622 HTTP 401"
"623","","White Hydrangea","30","116","","","110","6","1.0545","/api/products/623 HTTP 401"
"624","","Pink Orchid","60","231","","","220","11","1.05","/api/products/624 HTTP 401"
"625","","Pink Hydrangea","30","116","","","110","6","1.0545","/api/products/625 HTTP 401"
"626","","Fuchsia Hydrangea","40","154","","","145","9","1.0621","/api/products/626 HTTP 401"
"627","","Purple Orchid","60","231","","","220","11","1.05","/api/products/627 HTTP 401"
"628","","Orange Orchid","60","231","","","220","11","1.05","/api/products/628 HTTP 401"
"629","","White Cyclamen","18","69","","","65","4","1.0615","/api/products/629 HTTP 401"
"63","","The Flower Carry Petal","70","264","","","255","9","1.0353","/api/products/63 HTTP 401"
"630","","Red Cyclamen","18","69","","","65","4","1.0615","/api/products/630 HTTP 401"
"631","","Purple Cyclamen","18","69","","","65","4","1.0615","/api/products/631 HTTP 401"
"632","","Pink Cyclamen","18","69","","","65","4","1.0615","/api/products/632 HTTP 401"
"633","","Large Bonsai","54","208","","","200","8","1.04","/api/products/633 HTTP 401"
"634","","Orchid","60","231","","","220","11","1.05","/api/products/634 HTTP 401"
"635","","Olive","79","304","","","290","14","1.0483","/api/products/635 HTTP 401"
"636","","Small Bonsai","36","139","","","130","9","1.0692","/api/products/636 HTTP 401"
"637","","Dracaena Small","63","243","","","230","13","1.0565","/api/products/637 HTTP 401"
"638","","Red Lily","44","170","","","160","10","1.0625","/api/products/638 HTTP 401"
"639","","Dracaena","39","150","","","145","5","1.0345","/api/products/639 HTTP 401"
"64","","Pick & Dash Flowers","75","290","","","275","15","1.0545","/api/products/64 HTTP 401"
"640","","Cactus","19","73","","","70","3","1.0429","/api/products/640 HTTP 401"
"641","","Aloe Vera","54","208","","","200","8","1.04","/api/products/641 HTTP 401"
"642","","Green Croton","44","170","","","160","10","1.0625","/api/products/642 HTTP 401"
"643","","Red Croton","35","135","","","130","5","1.0385","/api/products/643 HTTP 401"
"644","","Gardenia","24","92","","","90","2","1.0222","/api/products/644 HTTP 401"
"645","","Small Arica","66","254","","","240","14","1.0583","/api/products/645 HTTP 401"
"646","","Dieffenbachia","45","173","","","165","8","1.0485","/api/products/646 HTTP 401"
"647","","Evergreen","37","143","","","135","8","1.0593","/api/products/647 HTTP 401"
"648","","Cordyline","48","185","","","175","10","1.0571","/api/products/648 HTTP 401"
"649","","Great Dad Balloon","13","45","","","50","-5","0.9","/api/products/649 HTTP 401"
"65","","Sweet Flower Field","92","349","","","340","9","1.0265","/api/products/65 HTTP 401"
"650","","Happy Father's Day Balloon","13","45","","","50","-5","0.9","/api/products/650 HTTP 401"
"651","","Camel Up En/Ar/Fr","53","204","","","195","9","1.0462","/api/products/651 HTTP 401"
"652","","Carcassonne Base Game Ar/En","46","177","","","170","7","1.0412","/api/products/652 HTTP 401"
"653","","Deception Ar/En","49","189","","","180","9","1.05","/api/products/653 HTTP 401"
"654","","Istanbul Ar/En","61","235","","","225","10","1.0444","/api/products/654 HTTP 401"
"655","","123 Cups Ar/En/Fr","27","100","","","100","0","1","/api/products/655 HTTP 401"
"656","","7zar Shou: Lebanese Charades   Season 1","31","115","","","115","0","1","/api/products/656 HTTP 401"
"657","","7zar Shou: Lebanese Charades   Season 2","20","75","","","75","0","1","/api/products/657 HTTP 401"
"658","","7zar Shou: Lebanese Charades   Season 3","20","75","","","75","0","1","/api/products/658 HTTP 401"
"659","","Azul Ar/En","56","205","","","205","0","1","/api/products/659 HTTP 401"
"66","","The Everyday Flower Sling","72","259","","","265","-6","0.9774","/api/products/66 HTTP 401"
"660","","Catan Base Game 3-4 Players En/Ar","61","225","","","225","0","1","/api/products/660 HTTP 401"
"661","","Catan Base Game 5-6 Players En/Ar","37","135","","","135","0","1","/api/products/661 HTTP 401"
"662","","Catan Cities & Knights 3-4 Players Ar/En","61","225","","","225","0","1","/api/products/662 HTTP 401"
"663","","Catan Seafarers 3-4 Players Ar/En","61","225","","","225","0","1","/api/products/663 HTTP 401"
"664","","Fhemt 3lek: Lebanese Codenames","31","114","","","115","-1","0.9913","/api/products/664 HTTP 401"
"665","","Katamino Base Ar/En/Fr","44","162","","","160","2","1.0125","/api/products/665 HTTP 401"
"666","","Machrou3 Ra2is - A Game Of Corruption","47","173","","","175","-2","0.9886","/api/products/666 HTTP 401"
"667","","Pictures En/Ar","56","206","","","205","1","1.0049","/api/products/667 HTTP 401"
"668","","Quoridor Base Ar/En/Fr","46","170","","","170","0","1","/api/products/668 HTTP 401"
"669","","Ring A Ding Ar/En/Fr","23","85","","","85","0","1","/api/products/669 HTTP 401"
"67","","Suitcase Of Flowers","72","260","","","265","-5","0.9811","/api/products/67 HTTP 401"
"670","","Sheriff Of Nottingham En/Ar/Fr","56","206","","","205","1","1.0049","/api/products/670 HTTP 401"
"671","","Terraforming Mars Ar/En","75","276","","","275","1","1.0036","/api/products/671 HTTP 401"
"672","","Ubongo Ar/En","53","196","","","195","1","1.0051","/api/products/672 HTTP 401"
"673","","Codenames","29","107","","","105","2","1.019","/api/products/673 HTTP 401"
"674","","Hitster","29","107","","","105","2","1.019","/api/products/674 HTTP 401"
"675","","Kluster","31","114","","","115","-1","0.9913","/api/products/675 HTTP 401"
"676","","Stratego Original","61","224","","","225","-1","0.9956","/api/products/676 HTTP 401"
"677","","Yogi Guru En","25","92","","","90","2","1.0222","/api/products/677 HTTP 401"
"678","","777 Original Playing Cards Blue Deck","5.78","22","","","20","2","1.1","/api/products/678 HTTP 401"
"679","","777 Original Playing Cards Red Deck","5.78","22","","","20","2","1.1","/api/products/679 HTTP 401"
"68","","Flower Wanderlust","72","270","","","265","5","1.0189","/api/products/68 HTTP 401"
"680","","7zar Shu Bundle","62","228","","","230","-2","0.9913","/api/products/680 HTTP 401"
"681","","Fhemt 3lek Bundle","42","155","","","155","0","1","/api/products/681 HTTP 401"
"682","","Catan Bundle","72","265","","","265","0","1","/api/products/682 HTTP 401"
"683","","777 Playing Cards Set","10","37","","","35","2","1.0571","/api/products/683 HTTP 401"
"684","","Aluminium Poker Case","144","530","","","530","0","1","/api/products/684 HTTP 401"
"685","","Jackaroo 4 Players","25","92","","","90","2","1.0222","/api/products/685 HTTP 401"
"686","","Jackaroo 4 - 6 Players","39","144","","","145","-1","0.9931","/api/products/686 HTTP 401"
"687","","Monopoly","55","202","","","200","2","1.01","/api/products/687 HTTP 401"
"688","","Backgammon Chess","35","130","","","130","0","1","/api/products/688 HTTP 401"
"689","","Exploding Kittens Red","23","85","","","85","0","1","/api/products/689 HTTP 401"
"69","","Stash Of Flowers","75","280","","","275","5","1.0182","/api/products/69 HTTP 401"
"690","","What Do You Meme","33","122","","","120","2","1.0167","/api/products/690 HTTP 401"
"691","","Uno Cards","6","23","","","20","3","1.15","/api/products/691 HTTP 401"
"692","","Uno Spin","24","89","","","90","-1","0.9889","/api/products/692 HTTP 401"
"693","","Le3beh Aa Krouteh","39","144","","","145","-1","0.9931","/api/products/693 HTTP 401"
"694","","Risk (English Version)","65","240","","","240","0","1","/api/products/694 HTTP 401"
"695","","Monopoly Deal","10","37","","","35","2","1.0571","/api/products/695 HTTP 401"
"696","","Libanopoly","22","81","","","80","1","1.0125","/api/products/696 HTTP 401"
"697","","Rummikub","36","133","","","130","3","1.0231","/api/products/697 HTTP 401"
"698","","Sequence","29","107","","","105","2","1.019","/api/products/698 HTTP 401"
"699","","Monopoly Ultimate Banking","70","258","","","255","3","1.0118","/api/products/699 HTTP 401"
"7","","Rainbow Gerberas","70","265","","","255","10","1.0392","/api/products/7 HTTP 401"
"70","","Portable Flower Garden","78","294","","","285","9","1.0316","/api/products/70 HTTP 401"
"701","","Sunset Harmony Bundle","31","119","","","115","4","1.0348","/api/products/701 HTTP 401"
"702","","Snowfall Elegance Bundle","31","119","","","115","4","1.0348","/api/products/702 HTTP 401"
"703","","Blush Bloom Bundle","31","119","","","115","4","1.0348","/api/products/703 HTTP 401"
"704","","Lavender Kiss","10","39","","","35","4","1.1143","/api/products/704 HTTP 401"
"705","","Love Blend","11","42","","","40","2","1.05","/api/products/705 HTTP 401"
"706","","Crimson Glow","24","92","","","90","2","1.0222","/api/products/706 HTTP 401"
"707","","Wild Petal Symphony","10","39","","","35","4","1.1143","/api/products/707 HTTP 401"
"708","","Golden Radiance","10","39","","","35","4","1.1143","/api/products/708 HTTP 401"
"709","","Ivory Drift","10","39","","","35","4","1.1143","/api/products/709 HTTP 401"
"71","","Floral Sun Bag","78","280","","","285","-5","0.9825","/api/products/71 HTTP 401"
"710","","Blushing Petals","10","39","","","35","4","1.1143","/api/products/710 HTTP 401"
"711","","Crimson Breeze","10","39","","","35","4","1.1143","/api/products/711 HTTP 401"
"712","","Orchid Mist","10","39","","","35","4","1.1143","/api/products/712 HTTP 401"
"713","","Ivory Silk","10","39","","","35","4","1.1143","/api/products/713 HTTP 401"
"714","","Velvet Red Essence","10","39","","","35","4","1.1143","/api/products/714 HTTP 401"
"715","","Rosy Glow","10","39","","","35","4","1.1143","/api/products/715 HTTP 401"
"716","","Amber Sunset Bloom","10","39","","","35","4","1.1143","/api/products/716 HTTP 401"
"717","","Soft Blush Whisper","10","39","","","35","4","1.1143","/api/products/717 HTTP 401"
"718","","Ivory Cloud Elegance","11","42","","","40","2","1.05","/api/products/718 HTTP 401"
"719","","Pure Snowfall","10","39","","","35","4","1.1143","/api/products/719 HTTP 401"
"72","","Pastel Floral Companion","86","320","","","315","5","1.0159","/api/products/72 HTTP 401"
"720","","Eternal Romance","13","59","","","50","9","1.18","/api/products/720 HTTP 401"
"721","","Rosé Petal Kiss","13","59","","","50","9","1.18","/api/products/721 HTTP 401"
"722","","Blush Pearl Dream","11","42","","","40","2","1.05","/api/products/722 HTTP 401"
"723","","Confetti Luxe","5","19","","","20","-1","0.95","/api/products/723 HTTP 401"
"724","","Celebration Bloom","18","69","","","65","4","1.0615","/api/products/724 HTTP 401"
"725","","Letter A","210","809","","","770","39","1.0506","/api/products/725 HTTP 401"
"726","","Letter B","210","809","","","770","39","1.0506","/api/products/726 HTTP 401"
"727","","Letter C","210","809","","","770","39","1.0506","/api/products/727 HTTP 401"
"728","","Letter D","210","809","","","770","39","1.0506","/api/products/728 HTTP 401"
"729","","Letter E","210","809","","","770","39","1.0506","/api/products/729 HTTP 401"
"73","","Blooming Flowers Carrywall","89","334","","","325","9","1.0277","/api/products/73 HTTP 401"
"730","","Letter F","210","809","","","770","39","1.0506","/api/products/730 HTTP 401"
"731","","Letter G","210","809","","","770","39","1.0506","/api/products/731 HTTP 401"
"732","","Letter H","210","809","","","770","39","1.0506","/api/products/732 HTTP 401"
"733","","Letter  I","210","809","","","770","39","1.0506","/api/products/733 HTTP 401"
"734","","Letter J","210","809","","","770","39","1.0506","/api/products/734 HTTP 401"
"735","","Letter K","210","809","","","770","39","1.0506","/api/products/735 HTTP 401"
"736","","Letter L","210","809","","","770","39","1.0506","/api/products/736 HTTP 401"
"737","","Letter M","210","809","","","770","39","1.0506","/api/products/737 HTTP 401"
"738","","Letter N","210","809","","","770","39","1.0506","/api/products/738 HTTP 401"
"739","","Letter O","210","809","","","770","39","1.0506","/api/products/739 HTTP 401"
"74","","White Chrysanthemum","6.6","26","","","25","1","1.04","/api/products/74 HTTP 401"
"740","","Letter P","210","809","","","770","39","1.0506","/api/products/740 HTTP 401"
"741","","Letter Q","210","809","","","770","39","1.0506","/api/products/741 HTTP 401"
"742","","Letter R","210","809","","","770","39","1.0506","/api/products/742 HTTP 401"
"743","","Letter S","210","809","","","770","39","1.0506","/api/products/743 HTTP 401"
"744","","Letter T","210","809","","","770","39","1.0506","/api/products/744 HTTP 401"
"745","","Letter U","210","809","","","770","39","1.0506","/api/products/745 HTTP 401"
"746","","Letter V","210","809","","","770","39","1.0506","/api/products/746 HTTP 401"
"747","","Letter W","210","809","","","770","39","1.0506","/api/products/747 HTTP 401"
"748","","Letter X","210","809","","","770","39","1.0506","/api/products/748 HTTP 401"
"749","","Letter Y","210","809","","","770","39","1.0506","/api/products/749 HTTP 401"
"750","","Letter Z","210","809","","","770","39","1.0506","/api/products/750 HTTP 401"
"751","","Red Roses Bouquet","250","963","","","920","43","1.0467","/api/products/751 HTTP 401"
"752","","White Roses Bouquet","265","1021","","","975","46","1.0472","/api/products/752 HTTP 401"
"753","","Pink Roses Bouquet","265","1021","","","975","46","1.0472","/api/products/753 HTTP 401"
"754","","Orange Roses Bouquet","250","963","","","920","43","1.0467","/api/products/754 HTTP 401"
"755","","Peach Roses Bouquet","250","963","","","920","43","1.0467","/api/products/755 HTTP 401"
"756","","Lilac Roses Bouquet","265","1021","","","975","46","1.0472","/api/products/756 HTTP 401"
"757","","Red Gypsophila Bouquet","115","443","","","420","23","1.0548","/api/products/757 HTTP 401"
"758","","Pink Gypsophila Bouquet","115","443","","","420","23","1.0548","/api/products/758 HTTP 401"
"759","","Blue Gypsophila Bouquet","115","443","","","420","23","1.0548","/api/products/759 HTTP 401"
"76","","Lilac Rose","8","40","","","30","10","1.3333","/api/products/76 HTTP 401"
"760","","Yellow Gypsophila Bouquet","115","443","","","420","23","1.0548","/api/products/760 HTTP 401"
"761","","Green Gypsophila Bouquet","115","443","","","420","23","1.0548","/api/products/761 HTTP 401"
"762","","Red Gerbera Bouquet","165","636","","","605","31","1.0512","/api/products/762 HTTP 401"
"763","","Pink Gerbera Bouquet","165","636","","","605","31","1.0512","/api/products/763 HTTP 401"
"764","","White Gerbera Bouquet","165","636","","","605","31","1.0512","/api/products/764 HTTP 401"
"765","","Yellow Gerbera Bouquet","165","636","","","605","31","1.0512","/api/products/765 HTTP 401"
"766","","Orange Gerbera Bouquet","165","636","","","605","31","1.0512","/api/products/766 HTTP 401"
"767","","Fuchsia Gerbera Bouquet","165","636","","","605","31","1.0512","/api/products/767 HTTP 401"
"768","","Red Chrysanthemum Bouquet","150","578","","","550","28","1.0509","/api/products/768 HTTP 401"
"769","","Pink Chrysanthemum Bouquet","150","578","","","550","28","1.0509","/api/products/769 HTTP 401"
"77","","Bundle of 4 Mix","25","90","","","90","0","1","/api/products/77 HTTP 401"
"770","","Yellow Chrysanthemum Bouquet","150","578","","","550","28","1.0509","/api/products/770 HTTP 401"
"771","","Green Chrysanthemum Bouquet","150","578","","","550","28","1.0509","/api/products/771 HTTP 401"
"772","","Amethyst Blush Bouquet","150","578","","","550","28","1.0509","/api/products/772 HTTP 401"
"773","","Tutti Fruitti Bouquet","150","578","","","550","28","1.0509","/api/products/773 HTTP 401"
"774","","Happy Birthday! Balloon","14","46","","","50","-4","0.92","/api/products/774 HTTP 401"
"775","","Happy Birthday Stars Balloon","14","46","","","50","-4","0.92","/api/products/775 HTTP 401"
"776","","I Love You Balloon","14","46","","","50","-4","0.92","/api/products/776 HTTP 401"
"777","","Red Heart Balloon","14","46","","","50","-4","0.92","/api/products/777 HTTP 401"
"778","","Get Well Soon Balloon","14","46","","","50","-4","0.92","/api/products/778 HTTP 401"
"779","","Happy Anniversary Balloon","14","46","","","50","-4","0.92","/api/products/779 HTTP 401"
"78","","Bundle of 30 Pink Roses","240","850","","","880","-30","0.9659","/api/products/78 HTTP 401"
"780","","Baby Girl Balloon","14","46","","","50","-4","0.92","/api/products/780 HTTP 401"
"781","","Gold Heart Balloon","14","46","","","50","-4","0.92","/api/products/781 HTTP 401"
"782","","Congrats! Balloon","14","46","","","50","-4","0.92","/api/products/782 HTTP 401"
"783","","Baby Boy Balloon","14","46","","","50","-4","0.92","/api/products/783 HTTP 401"
"784","","Love You! Balloon","14","46","","","50","-4","0.92","/api/products/784 HTTP 401"
"785","","Pink Heart Balloon","14","46","","","50","-4","0.92","/api/products/785 HTTP 401"
"786","","Silver Heart Balloon","14","46","","","50","-4","0.92","/api/products/786 HTTP 401"
"787","","Ring Balloon","20","75","","","75","0","1","/api/products/787 HTTP 401"
"788","","Welcome Home Balloon","14","46","","","50","-4","0.92","/api/products/788 HTTP 401"
"789","","Pink Latex Balloon","5","19","","","20","-1","0.95","/api/products/789 HTTP 401"
"79","","Bundle of 100 Pink Roses","655","2400","","","2405","-5","0.9979","/api/products/79 HTTP 401"
"790","","Red Latex Balloon","5","19","","","20","-1","0.95","/api/products/790 HTTP 401"
"791","","Purple Latex Balloon","5","19","","","20","-1","0.95","/api/products/791 HTTP 401"
"792","","Blue Latex Balloon","5","19","","","20","-1","0.95","/api/products/792 HTTP 401"
"793","","Green Latex Balloon","5","19","","","20","-1","0.95","/api/products/793 HTTP 401"
"794","","Yellow Latex Balloon","5","19","","","20","-1","0.95","/api/products/794 HTTP 401"
"795","","Orange Latex Balloon","5","19","","","20","-1","0.95","/api/products/795 HTTP 401"
"796","","Pink Balloon Bouquet","18","69","","","65","4","1.0615","/api/products/796 HTTP 401"
"797","","Red Balloon Bouquet","18","69","","","65","4","1.0615","/api/products/797 HTTP 401"
"798","","Purple Balloon Bouquet","18","69","","","65","4","1.0615","/api/products/798 HTTP 401"
"799","","Blue Balloon Bouquet","18","69","","","65","4","1.0615","/api/products/799 HTTP 401"
"8","","Soft Lilies","75","280","","","275","5","1.0182","/api/products/8 HTTP 401"
"80","","Bundle of 100 Pink Tulips","655","2400","","","2405","-5","0.9979","/api/products/80 HTTP 401"
"800","","Green Balloon Bouquet","18","69","","","65","4","1.0615","/api/products/800 HTTP 401"
"801","","Yellow Balloon Bouquet","18","69","","","65","4","1.0615","/api/products/801 HTTP 401"
"802","","Orange Balloon Bouquet","18","69","","","65","4","1.0615","/api/products/802 HTTP 401"
"803","","Smiley Balloon Bouquet","18","69","","","65","4","1.0615","/api/products/803 HTTP 401"
"804","","Colorful Balloon Bouquet","18","69","","","65","4","1.0615","/api/products/804 HTTP 401"
"806","","Pink Happy Birthday Bundle","26","100","","","95","5","1.0526","/api/products/806 HTTP 401"
"807","","Blue Happy Birthday Bundle","28","108","","","105","3","1.0286","/api/products/807 HTTP 401"
"808","","4 Pink Heart Balloon Bouquet","29","112","","","105","7","1.0667","/api/products/808 HTTP 401"
"809","","6 Blue Chrome Balloons","24","92","","","90","2","1.0222","/api/products/809 HTTP 401"
"81","","Orange Lily","9.1","35","","","35","0","1","/api/products/81 HTTP 401"
"811","","6 Gold Chrome Balloons","24","92","","","90","2","1.0222","/api/products/811 HTTP 401"
"812","","6 Silver Chrome Balloons","26","100","","","95","5","1.0526","/api/products/812 HTTP 401"
"813","","6 Purple Chrome Balloons","26","100","","","95","5","1.0526","/api/products/813 HTTP 401"
"814","","I Love Papa Balloon Bundle","28","108","","","105","3","1.0286","/api/products/814 HTTP 401"
"815","","Rose Gold & Silver Heart Balloons","29","112","","","105","7","1.0667","/api/products/815 HTTP 401"
"816","","Pastel Dream Birthday Bundle","135","520","","","495","25","1.0505","/api/products/816 HTTP 401"
"817","","Congrats Bundle","28","108","","","105","3","1.0286","/api/products/817 HTTP 401"
"818","","Classy Mix Chrome Balloons","26","100","","","95","5","1.0526","/api/products/818 HTTP 401"
"819","","Silver and Gold Chrome Balloons","26","100","","","95","5","1.0526","/api/products/819 HTTP 401"
"82","","Pink Tulip","9.5","40","","","35","5","1.1429","/api/products/82 HTTP 401"
"820","","Gold Ring Balloon Bundle","30","116","","","110","6","1.0545","/api/products/820 HTTP 401"
"821","","Congrats Luxe Stack","58","224","","","215","9","1.0419","/api/products/821 HTTP 401"
"822","","Shine Bright Setup","85","328","","","310","18","1.0581","/api/products/822 HTTP 401"
"823","","4 Red Heart Balloons","29","112","","","105","7","1.0667","/api/products/823 HTTP 401"
"824","","Four Gold Heart Balloons","29","112","","","105","7","1.0667","/api/products/824 HTTP 401"
"825","","Anniversary Balloon Bundle","28","108","","","105","3","1.0286","/api/products/825 HTTP 401"
"826","","Love You Balloon Bundle","28","108","","","105","3","1.0286","/api/products/826 HTTP 401"
"827","","10 Mixed Hearts Balloon Bundle","60","231","","","220","11","1.05","/api/products/827 HTTP 401"
"828","","30 Red Heart Foil Balloon","186","717","","","685","32","1.0467","/api/products/828 HTTP 401"
"829","","50 Red Hearts Balloon Bundle","279","1075","","","1025","50","1.0488","/api/products/829 HTTP 401"
"83","","Blue Hydrangea","25","100","","","90","10","1.1111","/api/products/83 HTTP 401"
"830","","50 Pink Hearts Balloon Bundle","279","1075","","","1025","50","1.0488","/api/products/830 HTTP 401"
"831","","Love Glow Arrangement","70","270","","","255","15","1.0588","/api/products/831 HTTP 401"
"832","","The Romantic Arrangement","70","270","","","255","15","1.0588","/api/products/832 HTTP 401"
"833","","Diamond Ring Statement Bundle","130","501","","","475","26","1.0547","/api/products/833 HTTP 401"
"834","","Bachelorette Bash Bundle","135","520","","","495","25","1.0505","/api/products/834 HTTP 401"
"835","","30 Gold Heart Foil Balloon","184","709","","","675","34","1.0504","/api/products/835 HTTP 401"
"836","","Make It Right Bundle","90","347","","","330","17","1.0515","/api/products/836 HTTP 401"
"837","","Air Filled Happy Birthday Balloon","42","162","","","155","7","1.0452","/api/products/837 HTTP 401"
"838","","Love Balloon in Silver","42","162","","","155","7","1.0452","/api/products/838 HTTP 401"
"839","","Love Balloon in Gold","42","162","","","155","7","1.0452","/api/products/839 HTTP 401"
"84","","Bundle Of Three","18.7","75","","","70","5","1.0714","/api/products/84 HTTP 401"
"840","","Luxe Celebration Balloon Bundle","135","520","","","495","25","1.0505","/api/products/840 HTTP 401"
"841","","Letter A Gold","25","96","","","90","6","1.0667","/api/products/841 HTTP 401"
"842","","Letter B Gold","25","96","","","90","6","1.0667","/api/products/842 HTTP 401"
"843","","Letter C Gold","25","96","","","90","6","1.0667","/api/products/843 HTTP 401"
"844","","Letter D Gold","25","96","","","90","6","1.0667","/api/products/844 HTTP 401"
"845","","Letter E Gold","25","96","","","90","6","1.0667","/api/products/845 HTTP 401"
"846","","Letter F Gold","25","96","","","90","6","1.0667","/api/products/846 HTTP 401"
"847","","Letter G Gold","25","96","","","90","6","1.0667","/api/products/847 HTTP 401"
"848","","Letter H Gold","25","96","","","90","6","1.0667","/api/products/848 HTTP 401"
"849","","Letter I Gold","25","96","","","90","6","1.0667","/api/products/849 HTTP 401"
"85","","Bundle Of Five","47","185","","","175","10","1.0571","/api/products/85 HTTP 401"
"850","","Letter J Gold","25","96","","","90","6","1.0667","/api/products/850 HTTP 401"
"851","","Letter K Gold","25","96","","","90","6","1.0667","/api/products/851 HTTP 401"
"852","","Letter L Gold","25","96","","","90","6","1.0667","/api/products/852 HTTP 401"
"853","","Letter M Gold","25","96","","","90","6","1.0667","/api/products/853 HTTP 401"
"854","","Letter N Gold","25","96","","","90","6","1.0667","/api/products/854 HTTP 401"
"855","","Letter O Gold","25","96","","","90","6","1.0667","/api/products/855 HTTP 401"
"856","","Letter P Gold","25","96","","","90","6","1.0667","/api/products/856 HTTP 401"
"857","","Letter Q Gold","25","96","","","90","6","1.0667","/api/products/857 HTTP 401"
"858","","Letter R Gold","25","96","","","90","6","1.0667","/api/products/858 HTTP 401"
"859","","Letter S Gold","25","96","","","90","6","1.0667","/api/products/859 HTTP 401"
"86","","Bundle of Ten","93.5","370","","","345","25","1.0725","/api/products/86 HTTP 401"
"860","","Letter T Gold","25","96","","","90","6","1.0667","/api/products/860 HTTP 401"
"861","","Letter U Gold","25","96","","","90","6","1.0667","/api/products/861 HTTP 401"
"862","","Letter V Gold","25","96","","","90","6","1.0667","/api/products/862 HTTP 401"
"863","","Letter W Gold","25","96","","","90","6","1.0667","/api/products/863 HTTP 401"
"864","","Letter X Gold","25","96","","","90","6","1.0667","/api/products/864 HTTP 401"
"865","","Letter Y Gold","25","96","","","90","6","1.0667","/api/products/865 HTTP 401"
"866","","Letter Z Gold","25","96","","","90","6","1.0667","/api/products/866 HTTP 401"
"867","","Number 0 Gold","25","96","","","90","6","1.0667","/api/products/867 HTTP 401"
"868","","Number 1 Gold","25","96","","","90","6","1.0667","/api/products/868 HTTP 401"
"869","","Number 2 Gold","25","96","","","90","6","1.0667","/api/products/869 HTTP 401"
"87","","Bundle Of Twenty","187","740","","","685","55","1.0803","/api/products/87 HTTP 401"
"870","","Number 3 Gold","25","96","","","90","6","1.0667","/api/products/870 HTTP 401"
"871","","Number 4 Gold","25","96","","","90","6","1.0667","/api/products/871 HTTP 401"
"872","","Number 5 Gold","25","96","","","90","6","1.0667","/api/products/872 HTTP 401"
"873","","Number 6 Gold","25","96","","","90","6","1.0667","/api/products/873 HTTP 401"
"874","","Number 7 Gold","25","96","","","90","6","1.0667","/api/products/874 HTTP 401"
"875","","Number 8 Gold","25","96","","","90","6","1.0667","/api/products/875 HTTP 401"
"876","","Number 9 Gold","25","96","","","90","6","1.0667","/api/products/876 HTTP 401"
"878","","Bloom in Love Gift Set","950","3600","","","3490","110","1.0315","/api/products/878 HTTP 401"
"879","","Emerald Royale Gift Set","500","1800","","","1835","-35","0.9809","/api/products/879 HTTP 401"
"88","","Pink Rose","8","40","","","30","10","1.3333","/api/products/88 HTTP 401"
"881","","Classic Chocolate Box","55","212","","","200","12","1.06","/api/products/881 HTTP 401"
"882","","White Ribbon Bouquet","180","694","","","660","34","1.0515","/api/products/882 HTTP 401"
"883","","Red Ribbon Bouquet","180","694","","","660","34","1.0515","/api/products/883 HTTP 401"
"886","","Large White Heart Box","360","2774","","","1320","1454","2.1015","/api/products/886 HTTP 401"
"887","","Floral Sun","50","190","","","185","5","1.027","/api/products/887 HTTP 401"
"89","","Yellow Rose","8","40","","","30","10","1.3333","/api/products/89 HTTP 401"
"890","","Pink Ribbon Bouquet","180","694","","","660","34","1.0515","/api/products/890 HTTP 401"
"891","","Get Well Soon Gift Set","130","450","","","475","-25","0.9474","/api/products/891 HTTP 401"
"892","","Pure Grace Tulips","95","337","","","350","-13","0.9629","/api/products/892 HTTP 401"
"893","","Blush Romance Bouquet","145","525","","","535","-10","0.9813","/api/products/893 HTTP 401"
"894","","Peponi Roses","110","400","","","405","-5","0.9877","/api/products/894 HTTP 401"
"895","","Pastel Bliss Bouquet","160","580","","","590","-10","0.9831","/api/products/895 HTTP 401"
"896","","Ferrero Rocher Chocolate Box (16 pieces)","25","95","","","90","5","1.0556","/api/products/896 HTTP 401"
"897","","Ferrero Rocher Chocolate Box (24 pieces)","35","130","","","130","0","1","/api/products/897 HTTP 401"
"898","","Ferrero Rocher Chocolate Box (30 pieces)","40","150","","","145","5","1.0345","/api/products/898 HTTP 401"
"899","","Chocolate Rocher Cake","48","185","","","175","10","1.0571","/api/products/899 HTTP 401"
"9","","Royal Blooms","80","300","","","295","5","1.0169","/api/products/9 HTTP 401"
"90","","Red Rose","8","40","","","30","10","1.3333","/api/products/90 HTTP 401"
"900","","White Calla Vase","260","1002","","","955","47","1.0492","/api/products/900 HTTP 401"
"901","","White Floral Set","200","771","","","735","36","1.049","/api/products/901 HTTP 401"
"902","","Pink Mabrouk Bag","130","501","","","475","26","1.0547","/api/products/902 HTTP 401"
"903","","Pink Quran Arrangement","200","770","","","735","35","1.0476","/api/products/903 HTTP 401"
"904","","Pink Mabrouk Vase","200","770","","","735","35","1.0476","/api/products/904 HTTP 401"
"905","","Red Mabrouk Bag","160","617","","","590","27","1.0458","/api/products/905 HTTP 401"
"906","","Red Quran Box","200","770","","","735","35","1.0476","/api/products/906 HTTP 401"
"907","","Red Quran Arrangement","160","617","","","590","27","1.0458","/api/products/907 HTTP 401"
"908","","White Quran Box","180","690","","","660","30","1.0455","/api/products/908 HTTP 401"
"909","","White Quran Arrangement","190","730","","","700","30","1.0429","/api/products/909 HTTP 401"
"91","","White Rose","8","40","","","30","10","1.3333","/api/products/91 HTTP 401"
"910","","White Orchid Vase","260","1000","","","955","45","1.0471","/api/products/910 HTTP 401"
"911","","Blush Edit","125","460","","","460","0","1","/api/products/911 HTTP 401"
"914","","Berry Birthday Bundle","209","805","","","770","35","1.0455","/api/products/914 HTTP 401"
"919","","Yellow Happy Birthday Candle","10","39","","","35","4","1.1143","/api/products/919 HTTP 401"
"92","","Cherry Brandy Rose","8","40","","","30","10","1.3333","/api/products/92 HTTP 401"
"920","","Red Happy Birthday Candle","10","39","","","35","4","1.1143","/api/products/920 HTTP 401"
"921","","Aakbal El Miyye Candle","10","39","","","35","4","1.1143","/api/products/921 HTTP 401"
"922","","Happy Birthday Habibi Candle","10","39","","","35","4","1.1143","/api/products/922 HTTP 401"
"923","","Mabrouk Candle","10","39","","","35","4","1.1143","/api/products/923 HTTP 401"
"924","","Sablés Bloom Box Bundle","154","593","","","565","28","1.0496","/api/products/924 HTTP 401"
"925","","Sablés Garden Bouquet Bundle","160","615","","","590","25","1.0424","/api/products/925 HTTP 401"
"926","","Number 0 Rose Gold","25","96","","","90","6","1.0667","/api/products/926 HTTP 401"
"927","","Number 1 Rose Gold","25","96","","","90","6","1.0667","/api/products/927 HTTP 401"
"928","","Number 2 Rose Gold","25","96","","","90","6","1.0667","/api/products/928 HTTP 401"
"929","","Number 3 Rose Gold","25","96","","","90","6","1.0667","/api/products/929 HTTP 401"
"93","","Peach Rose","8","40","","","30","10","1.3333","/api/products/93 HTTP 401"
"930","","Number 4 Rose Gold","25","96","","","90","6","1.0667","/api/products/930 HTTP 401"
"931","","Number 5 Rose Gold","25","96","","","90","6","1.0667","/api/products/931 HTTP 401"
"932","","Number 6 Rose Gold","25","96","","","90","6","1.0667","/api/products/932 HTTP 401"
"933","","Number 7 Rose Gold","25","96","","","90","6","1.0667","/api/products/933 HTTP 401"
"934","","Number 8 Rose Gold","25","96","","","90","6","1.0667","/api/products/934 HTTP 401"
"935","","Number 9 Rose Gold","25","96","","","90","6","1.0667","/api/products/935 HTTP 401"
"936","","Letter A Rose Gold","25","96","","","90","6","1.0667","/api/products/936 HTTP 401"
"937","","Letter B Rose Gold","25","96","","","90","6","1.0667","/api/products/937 HTTP 401"
"938","","Letter C Rose Gold","25","96","","","90","6","1.0667","/api/products/938 HTTP 401"
"939","","Letter D Rose Gold","25","96","","","90","6","1.0667","/api/products/939 HTTP 401"
"94","","Red Tulip","9.5","40","","","35","5","1.1429","/api/products/94 HTTP 401"
"940","","Letter E Rose Gold","25","96","","","90","6","1.0667","/api/products/940 HTTP 401"
"941","","Letter F Rose Gold","25","96","","","90","6","1.0667","/api/products/941 HTTP 401"
"942","","Letter G Rose Gold","25","96","","","90","6","1.0667","/api/products/942 HTTP 401"
"943","","Letter H Rose Gold","25","96","","","90","6","1.0667","/api/products/943 HTTP 401"
"944","","Letter I Rose Gold","25","96","","","90","6","1.0667","/api/products/944 HTTP 401"
"945","","Letter J Rose Gold","25","96","","","90","6","1.0667","/api/products/945 HTTP 401"
"946","","Letter K Rose Gold","25","96","","","90","6","1.0667","/api/products/946 HTTP 401"
"947","","Letter L Rose Gold","25","96","","","90","6","1.0667","/api/products/947 HTTP 401"
"948","","Letter M Rose Gold","25","96","","","90","6","1.0667","/api/products/948 HTTP 401"
"949","","Letter N Rose Gold","25","96","","","90","6","1.0667","/api/products/949 HTTP 401"
"95","","White Tulip","9.5","40","","","35","5","1.1429","/api/products/95 HTTP 401"
"950","","Letter O Rose Gold","25","96","","","90","6","1.0667","/api/products/950 HTTP 401"
"951","","Letter P Rose Gold","25","96","","","90","6","1.0667","/api/products/951 HTTP 401"
"952","","Letter Q Rose Gold","25","96","","","90","6","1.0667","/api/products/952 HTTP 401"
"953","","Letter R Rose Gold","25","96","","","90","6","1.0667","/api/products/953 HTTP 401"
"954","","Letter S Rose Gold","25","96","","","90","6","1.0667","/api/products/954 HTTP 401"
"955","","Letter T Rose Gold","25","96","","","90","6","1.0667","/api/products/955 HTTP 401"
"956","","Letter U Rose Gold","25","96","","","90","6","1.0667","/api/products/956 HTTP 401"
"957","","Letter V Rose Gold","25","96","","","90","6","1.0667","/api/products/957 HTTP 401"
"958","","Letter W Rose Gold","25","96","","","90","6","1.0667","/api/products/958 HTTP 401"
"959","","Letter X Rose Gold","25","96","","","90","6","1.0667","/api/products/959 HTTP 401"
"96","","Purple Tulip","9.5","40","","","35","5","1.1429","/api/products/96 HTTP 401"
"960","","Letter Y Rose Gold","25","96","","","90","6","1.0667","/api/products/960 HTTP 401"
"961","","Letter Z Rose Gold","25","96","","","90","6","1.0667","/api/products/961 HTTP 401"
"962","","Single Pink Rose","11","40","","","40","0","1","/api/products/962 HTTP 401"
"963","","More Than a Woman","45","165","","","165","0","1","/api/products/963 HTTP 401"
"964","","Femininity & Fire","64","235","","","235","0","1","/api/products/964 HTTP 401"
"965","","A Girl Like You","46","170","","","170","0","1","/api/products/965 HTTP 401"
"966","","Warrior Woman","60","220","","","220","0","1","/api/products/966 HTTP 401"
"967","","Single Yellow Rose","11","40","","","40","0","1","/api/products/967 HTTP 401"
"968","","Single Orange Rose","11","40","","","40","0","1","/api/products/968 HTTP 401"
"969","","Single White Rose","11","40","","","40","0","1","/api/products/969 HTTP 401"
"97","","Yellow Tulip","9.5","40","","","35","5","1.1429","/api/products/97 HTTP 401"
"971","","Single Red Rose","11","40","","","40","0","1","/api/products/971 HTTP 401"
"972","","Meadows","45","165","","","165","0","1","/api/products/972 HTTP 401"
"973","","Blanche Neige","32","117","","","120","-3","0.975","/api/products/973 HTTP 401"
"974","","Nature's Finest","57","210","","","210","0","1","/api/products/974 HTTP 401"
"975","","Pastel Pink","57","210","","","210","0","1","/api/products/975 HTTP 401"
"976","","Sweet Harmony","42","155","","","155","0","1","/api/products/976 HTTP 401"
"977","","Rouge","55","202","","","200","2","1.01","/api/products/977 HTTP 401"
"978","","Fuchsia","50","185","","","185","0","1","/api/products/978 HTTP 401"
"979","","Orange Peel Flowers","38","140","","","140","0","1","/api/products/979 HTTP 401"
"98","","Orange Tulip","9.5","40","","","35","5","1.1429","/api/products/98 HTTP 401"
"980","","7 Sunflower Bouquet","42","155","","","155","0","1","/api/products/980 HTTP 401"
"981","","My Sun","18","66","","","65","1","1.0154","/api/products/981 HTTP 401"
"982","","Dear Mama","80","295","","","295","0","1","/api/products/982 HTTP 401"
"983","","Mama Said","32","118","","","120","-2","0.9833","/api/products/983 HTTP 401"
"984","","Dancing Queen","47","173","","","175","-2","0.9886","/api/products/984 HTTP 401"
"985","","A Mother's Touch","58","213","","","215","-2","0.9907","/api/products/985 HTTP 401"
"986","","Day Dream Bouquet","70","258","","","255","3","1.0118","/api/products/986 HTTP 401"
"987","","Triple Your Love","35","130","","","130","0","1","/api/products/987 HTTP 401"
"988","","Red Hot","47","173","","","175","-2","0.9886","/api/products/988 HTTP 401"
"989","","Roses of Love","35","130","","","130","0","1","/api/products/989 HTTP 401"
"99","","White Hydrangea","25","100","","","90","10","1.1111","/api/products/99 HTTP 401"
"990","","Always Yours","50","185","","","185","0","1","/api/products/990 HTTP 401"
"991","","7 Pink Roses Bouquet","53","195","","","195","0","1","/api/products/991 HTTP 401"
"992","","7 White Roses Bouquet","53","195","","","195","0","1","/api/products/992 HTTP 401"
"993","","7 Yellow Roses Bouquet","53","195","","","195","0","1","/api/products/993 HTTP 401"
"994","","14 Pink Roses Bouquet","103","380","","","380","0","1","/api/products/994 HTTP 401"
"995","","14 White Roses Bouquet","103","380","","","380","0","1","/api/products/995 HTTP 401"
"996","","14 Yellow Roses Bouquet","103","380","","","380","0","1","/api/products/996 HTTP 401"
"997","","21 Pink Roses Bouquet","150","550","","","550","0","1","/api/products/997 HTTP 401"
"998","","21 Yellow Roses Bouquet","150","550","","","550","0","1","/api/products/998 HTTP 401"
"999","","21 White Roses Bouquet","150","550","","","550","0","1","/api/products/999 HTTP 401"
