page url,have a low word count
https://presentail.com/,29
https://presentail.com/ar-ae/abu-dhabi,46
https://presentail.com/ar-ae/abu-dhabi/brands,40
https://presentail.com/ar-ae/abu-dhabi/contact,43
https://presentail.com/ar-ae/abu-dhabi/corporate,47
https://presentail.com/ar-ae/abu-dhabi/faqs,41
https://presentail.com/ar-ae/abu-dhabi/occasions,44
https://presentail.com/ar-ae/abu-dhabi/shop,41
https://presentail.com/ar-ae/abu-dhabi/weddings,46
https://presentail.com/ar-ae/ajman,44
https://presentail.com/ar-ae/ajman/brands,38
https://presentail.com/ar-ae/ajman/contact,41
https://presentail.com/ar-ae/ajman/corporate,45
https://presentail.com/ar-ae/ajman/faqs,39
https://presentail.com/ar-ae/ajman/occasions,42
https://presentail.com/ar-ae/ajman/shop,39
https://presentail.com/ar-ae/ajman/weddings,44
https://presentail.com/ar-ae/dubai,44
https://presentail.com/ar-ae/dubai/brands,38
https://presentail.com/ar-ae/dubai/contact,41
https://presentail.com/ar-ae/dubai/corporate,45
https://presentail.com/ar-ae/dubai/faqs,39
https://presentail.com/ar-ae/dubai/occasions,42
https://presentail.com/ar-ae/dubai/shop,39
https://presentail.com/ar-ae/dubai/weddings,44
https://presentail.com/ar-ae/fujairah,44
https://presentail.com/ar-ae/fujairah/brands,38
https://presentail.com/ar-ae/fujairah/contact,41
https://presentail.com/ar-ae/fujairah/corporate,45
https://presentail.com/ar-ae/fujairah/faqs,39
https://presentail.com/ar-ae/fujairah/occasions,42
https://presentail.com/ar-ae/fujairah/shop,39
https://presentail.com/ar-ae/fujairah/weddings,44
https://presentail.com/ar-ae/ras-al-khaimah,46
https://presentail.com/ar-ae/ras-al-khaimah/brands,40
https://presentail.com/ar-ae/ras-al-khaimah/contact,43
https://presentail.com/ar-ae/ras-al-khaimah/corporate,47
https://presentail.com/ar-ae/ras-al-khaimah/faqs,41
https://presentail.com/ar-ae/ras-al-khaimah/occasions,44
https://presentail.com/ar-ae/ras-al-khaimah/shop,41
https://presentail.com/ar-ae/ras-al-khaimah/weddings,46
https://presentail.com/ar-ae/sharjah,44
https://presentail.com/ar-ae/sharjah/brands,38
https://presentail.com/ar-ae/sharjah/contact,41
https://presentail.com/ar-ae/sharjah/corporate,45
https://presentail.com/ar-ae/sharjah/faqs,39
https://presentail.com/ar-ae/sharjah/occasions,42
https://presentail.com/ar-ae/sharjah/shop,39
https://presentail.com/ar-ae/sharjah/weddings,44
https://presentail.com/ar-ae/umm-al-quwain,46
https://presentail.com/ar-ae/umm-al-quwain/brands,40
https://presentail.com/ar-ae/umm-al-quwain/contact,43
https://presentail.com/ar-ae/umm-al-quwain/corporate,47
https://presentail.com/ar-ae/umm-al-quwain/faqs,41
https://presentail.com/ar-ae/umm-al-quwain/occasions,44
https://presentail.com/ar-ae/umm-al-quwain/shop,41
https://presentail.com/ar-ae/umm-al-quwain/weddings,46
https://presentail.com/ar-cy/larnaca,44
https://presentail.com/ar-cy/larnaca/brands,36
https://presentail.com/ar-cy/larnaca/contact,41
https://presentail.com/ar-cy/larnaca/corporate,45
https://presentail.com/ar-cy/larnaca/faqs,39
https://presentail.com/ar-cy/larnaca/occasions,40
https://presentail.com/ar-cy/larnaca/shop,37
https://presentail.com/ar-cy/larnaca/weddings,44
https://presentail.com/ar-cy/limassol,44
https://presentail.com/ar-cy/limassol/brands,36
https://presentail.com/ar-cy/limassol/contact,41
https://presentail.com/ar-cy/limassol/corporate,45
https://presentail.com/ar-cy/limassol/faqs,39
https://presentail.com/ar-cy/limassol/occasions,40
https://presentail.com/ar-cy/limassol/shop,37
https://presentail.com/ar-cy/limassol/weddings,44
https://presentail.com/ar-cy/nicosia,44
https://presentail.com/ar-cy/nicosia/brands,36
https://presentail.com/ar-cy/nicosia/contact,41
https://presentail.com/ar-cy/nicosia/corporate,45
https://presentail.com/ar-cy/nicosia/faqs,39
https://presentail.com/ar-cy/nicosia/occasions,40
https://presentail.com/ar-cy/nicosia/shop,37
https://presentail.com/ar-cy/nicosia/weddings,44
https://presentail.com/ar-cy/paphos,44
https://presentail.com/ar-cy/paphos/brands,36
https://presentail.com/ar-cy/paphos/contact,41
https://presentail.com/ar-cy/paphos/corporate,45
https://presentail.com/ar-cy/paphos/faqs,39
https://presentail.com/ar-cy/paphos/occasions,40
https://presentail.com/ar-cy/paphos/shop,37
https://presentail.com/ar-cy/paphos/weddings,44
https://presentail.com/ar-lb/akkar,44
https://presentail.com/ar-lb/akkar/brands,36
https://presentail.com/ar-lb/akkar/contact,41
https://presentail.com/ar-lb/akkar/corporate,45
https://presentail.com/ar-lb/akkar/faqs,39
https://presentail.com/ar-lb/akkar/occasions,40
https://presentail.com/ar-lb/akkar/shop,37
https://presentail.com/ar-lb/akkar/weddings,44
https://presentail.com/ar-lb/aley,44
https://presentail.com/ar-lb/aley/brands,36
https://presentail.com/ar-lb/aley/contact,41
https://presentail.com/ar-lb/aley/corporate,45
https://presentail.com/ar-lb/aley/faqs,39
https://presentail.com/ar-lb/aley/occasions,40
https://presentail.com/ar-lb/aley/shop,37
https://presentail.com/ar-lb/aley/weddings,44
https://presentail.com/ar-lb/baabda,44
https://presentail.com/ar-lb/baabda/brands,36
https://presentail.com/ar-lb/baabda/contact,41
https://presentail.com/ar-lb/baabda/corporate,45
https://presentail.com/ar-lb/baabda/faqs,39
https://presentail.com/ar-lb/baabda/occasions,40
https://presentail.com/ar-lb/baabda/shop,37
https://presentail.com/ar-lb/baabda/weddings,44
https://presentail.com/ar-lb/baalbeck,44
https://presentail.com/ar-lb/baalbeck/brands,36
https://presentail.com/ar-lb/baalbeck/contact,41
https://presentail.com/ar-lb/baalbeck/corporate,45
https://presentail.com/ar-lb/baalbeck/faqs,39
https://presentail.com/ar-lb/baalbeck/occasions,40
https://presentail.com/ar-lb/baalbeck/shop,37
https://presentail.com/ar-lb/baalbeck/weddings,44
https://presentail.com/ar-lb/batroun,44
https://presentail.com/ar-lb/batroun/brands,36
https://presentail.com/ar-lb/batroun/contact,41
https://presentail.com/ar-lb/batroun/corporate,45
https://presentail.com/ar-lb/batroun/faqs,39
https://presentail.com/ar-lb/batroun/occasions,40
https://presentail.com/ar-lb/batroun/shop,37
https://presentail.com/ar-lb/batroun/weddings,44
https://presentail.com/ar-lb/bcharee,44
https://presentail.com/ar-lb/bcharee/brands,36
https://presentail.com/ar-lb/bcharee/contact,41
https://presentail.com/ar-lb/bcharee/corporate,45
https://presentail.com/ar-lb/bcharee/faqs,39
https://presentail.com/ar-lb/bcharee/occasions,40
https://presentail.com/ar-lb/bcharee/shop,37
https://presentail.com/ar-lb/bcharee/weddings,44
https://presentail.com/ar-lb/beirut,44
https://presentail.com/ar-lb/beirut/brands,36
https://presentail.com/ar-lb/beirut/contact,41
https://presentail.com/ar-lb/beirut/corporate,45
https://presentail.com/ar-lb/beirut/faqs,39
https://presentail.com/ar-lb/beirut/occasions,40
https://presentail.com/ar-lb/beirut/shop,37
https://presentail.com/ar-lb/beirut/weddings,44
https://presentail.com/ar-lb/bent-jbeil,46
https://presentail.com/ar-lb/bent-jbeil/brands,38
https://presentail.com/ar-lb/bent-jbeil/contact,43
https://presentail.com/ar-lb/bent-jbeil/corporate,47
https://presentail.com/ar-lb/bent-jbeil/faqs,41
https://presentail.com/ar-lb/bent-jbeil/occasions,42
https://presentail.com/ar-lb/bent-jbeil/shop,39
https://presentail.com/ar-lb/bent-jbeil/weddings,46
https://presentail.com/ar-lb/chouf,44
https://presentail.com/ar-lb/chouf/brands,36
https://presentail.com/ar-lb/chouf/contact,41
https://presentail.com/ar-lb/chouf/corporate,45
https://presentail.com/ar-lb/chouf/faqs,39
https://presentail.com/ar-lb/chouf/occasions,40
https://presentail.com/ar-lb/chouf/shop,37
https://presentail.com/ar-lb/chouf/weddings,44
https://presentail.com/ar-lb/hasbaya,44
https://presentail.com/ar-lb/hasbaya/brands,36
https://presentail.com/ar-lb/hasbaya/contact,41
https://presentail.com/ar-lb/hasbaya/corporate,45
https://presentail.com/ar-lb/hasbaya/faqs,39
https://presentail.com/ar-lb/hasbaya/occasions,40
https://presentail.com/ar-lb/hasbaya/shop,37
https://presentail.com/ar-lb/hasbaya/weddings,44
https://presentail.com/ar-lb/hermel,44
https://presentail.com/ar-lb/hermel/brands,36
https://presentail.com/ar-lb/hermel/contact,41
https://presentail.com/ar-lb/hermel/corporate,45
https://presentail.com/ar-lb/hermel/faqs,39
https://presentail.com/ar-lb/hermel/occasions,40
https://presentail.com/ar-lb/hermel/shop,37
https://presentail.com/ar-lb/hermel/weddings,44
https://presentail.com/ar-lb/jbeil,44
https://presentail.com/ar-lb/jbeil/brands,36
https://presentail.com/ar-lb/jbeil/contact,41
https://presentail.com/ar-lb/jbeil/corporate,45
https://presentail.com/ar-lb/jbeil/faqs,39
https://presentail.com/ar-lb/jbeil/occasions,40
https://presentail.com/ar-lb/jbeil/shop,37
https://presentail.com/ar-lb/jbeil/weddings,44
https://presentail.com/ar-lb/jezzine,44
https://presentail.com/ar-lb/jezzine/brands,36
https://presentail.com/ar-lb/jezzine/contact,41
https://presentail.com/ar-lb/jezzine/corporate,45
https://presentail.com/ar-lb/jezzine/faqs,39
https://presentail.com/ar-lb/jezzine/occasions,40
https://presentail.com/ar-lb/jezzine/shop,37
https://presentail.com/ar-lb/jezzine/weddings,44
https://presentail.com/ar-lb/kesserwan,44
https://presentail.com/ar-lb/kesserwan/brands,36
https://presentail.com/ar-lb/kesserwan/contact,41
https://presentail.com/ar-lb/kesserwan/corporate,45
https://presentail.com/ar-lb/kesserwan/faqs,39
https://presentail.com/ar-lb/kesserwan/occasions,40
https://presentail.com/ar-lb/kesserwan/shop,37
https://presentail.com/ar-lb/kesserwan/weddings,44
https://presentail.com/ar-lb/koura,44
https://presentail.com/ar-lb/koura/brands,36
https://presentail.com/ar-lb/koura/contact,41
https://presentail.com/ar-lb/koura/corporate,45
https://presentail.com/ar-lb/koura/faqs,39
https://presentail.com/ar-lb/koura/occasions,40
https://presentail.com/ar-lb/koura/shop,37
https://presentail.com/ar-lb/koura/weddings,44
https://presentail.com/ar-lb/marjayoun,44
https://presentail.com/ar-lb/marjayoun/brands,36
https://presentail.com/ar-lb/marjayoun/contact,41
https://presentail.com/ar-lb/marjayoun/corporate,45
https://presentail.com/ar-lb/marjayoun/faqs,39
https://presentail.com/ar-lb/marjayoun/occasions,40
https://presentail.com/ar-lb/marjayoun/shop,37
https://presentail.com/ar-lb/marjayoun/weddings,44
https://presentail.com/ar-lb/metn,44
https://presentail.com/ar-lb/metn/brands,36
https://presentail.com/ar-lb/metn/contact,41
https://presentail.com/ar-lb/metn/corporate,45
https://presentail.com/ar-lb/metn/faqs,39
https://presentail.com/ar-lb/metn/occasions,40
https://presentail.com/ar-lb/metn/shop,37
https://presentail.com/ar-lb/metn/weddings,44
https://presentail.com/ar-lb/minnieh-dennaya,46
https://presentail.com/ar-lb/minnieh-dennaya/brands,38
https://presentail.com/ar-lb/minnieh-dennaya/contact,43
https://presentail.com/ar-lb/minnieh-dennaya/corporate,47
https://presentail.com/ar-lb/minnieh-dennaya/faqs,41
https://presentail.com/ar-lb/minnieh-dennaya/occasions,42
https://presentail.com/ar-lb/minnieh-dennaya/shop,39
https://presentail.com/ar-lb/minnieh-dennaya/weddings,46
https://presentail.com/ar-lb/nabatieh,44
https://presentail.com/ar-lb/nabatieh/brands,36
https://presentail.com/ar-lb/nabatieh/contact,41
https://presentail.com/ar-lb/nabatieh/corporate,45
https://presentail.com/ar-lb/nabatieh/faqs,39
https://presentail.com/ar-lb/nabatieh/occasions,40
https://presentail.com/ar-lb/nabatieh/shop,37
https://presentail.com/ar-lb/nabatieh/weddings,44
https://presentail.com/ar-lb/rechaya,44
https://presentail.com/ar-lb/rechaya/brands,36
https://presentail.com/ar-lb/rechaya/contact,41
https://presentail.com/ar-lb/rechaya/corporate,45
https://presentail.com/ar-lb/rechaya/faqs,39
https://presentail.com/ar-lb/rechaya/occasions,40
https://presentail.com/ar-lb/rechaya/shop,37
https://presentail.com/ar-lb/rechaya/weddings,44
https://presentail.com/ar-lb/saida,44
https://presentail.com/ar-lb/saida/brands,36
https://presentail.com/ar-lb/saida/contact,41
https://presentail.com/ar-lb/saida/corporate,45
https://presentail.com/ar-lb/saida/faqs,39
https://presentail.com/ar-lb/saida/occasions,40
https://presentail.com/ar-lb/saida/shop,37
https://presentail.com/ar-lb/saida/weddings,44
https://presentail.com/ar-lb/tripoli,44
https://presentail.com/ar-lb/tripoli/brands,36
https://presentail.com/ar-lb/tripoli/contact,41
https://presentail.com/ar-lb/tripoli/corporate,45
https://presentail.com/ar-lb/tripoli/faqs,39
https://presentail.com/ar-lb/tripoli/occasions,40
https://presentail.com/ar-lb/tripoli/shop,37
https://presentail.com/ar-lb/tripoli/weddings,44
https://presentail.com/ar-lb/tyre,44
https://presentail.com/ar-lb/tyre/brands,36
https://presentail.com/ar-lb/tyre/contact,41
https://presentail.com/ar-lb/tyre/corporate,45
https://presentail.com/ar-lb/tyre/faqs,39
https://presentail.com/ar-lb/tyre/occasions,40
https://presentail.com/ar-lb/tyre/shop,37
https://presentail.com/ar-lb/tyre/weddings,44
https://presentail.com/ar-lb/west-bekaa,46
https://presentail.com/ar-lb/west-bekaa/brands,38
https://presentail.com/ar-lb/west-bekaa/contact,43
https://presentail.com/ar-lb/west-bekaa/corporate,47
https://presentail.com/ar-lb/west-bekaa/faqs,41
https://presentail.com/ar-lb/west-bekaa/occasions,42
https://presentail.com/ar-lb/west-bekaa/shop,39
https://presentail.com/ar-lb/west-bekaa/weddings,46
https://presentail.com/ar-lb/zahle,44
https://presentail.com/ar-lb/zahle/brands,36
https://presentail.com/ar-lb/zahle/contact,41
https://presentail.com/ar-lb/zahle/corporate,45
https://presentail.com/ar-lb/zahle/faqs,39
https://presentail.com/ar-lb/zahle/occasions,40
https://presentail.com/ar-lb/zahle/shop,37
https://presentail.com/ar-lb/zahle/weddings,44
https://presentail.com/ar-lb/zghorta,44
https://presentail.com/ar-lb/zghorta/brands,36
https://presentail.com/ar-lb/zghorta/contact,41
https://presentail.com/ar-lb/zghorta/corporate,45
https://presentail.com/ar-lb/zghorta/faqs,39
https://presentail.com/ar-lb/zghorta/occasions,40
https://presentail.com/ar-lb/zghorta/shop,37
https://presentail.com/ar-lb/zghorta/weddings,44
https://presentail.com/en-ae/abu-dhabi,46
https://presentail.com/en-ae/abu-dhabi/brands,41
https://presentail.com/en-ae/abu-dhabi/contact,45
https://presentail.com/en-ae/abu-dhabi/corporate,44
https://presentail.com/en-ae/abu-dhabi/faqs,42
https://presentail.com/en-ae/abu-dhabi/occasions,43
https://presentail.com/en-ae/abu-dhabi/shop,41
https://presentail.com/en-ae/abu-dhabi/weddings,49
https://presentail.com/en-ae/ajman,44
https://presentail.com/en-ae/ajman/brands,39
https://presentail.com/en-ae/ajman/contact,43
https://presentail.com/en-ae/ajman/corporate,42
https://presentail.com/en-ae/ajman/faqs,40
https://presentail.com/en-ae/ajman/occasions,41
https://presentail.com/en-ae/ajman/shop,39
https://presentail.com/en-ae/ajman/weddings,47
https://presentail.com/en-ae/dubai,44
https://presentail.com/en-ae/dubai/brands,39
https://presentail.com/en-ae/dubai/contact,43
https://presentail.com/en-ae/dubai/corporate,42
https://presentail.com/en-ae/dubai/faqs,40
https://presentail.com/en-ae/dubai/occasions,41
https://presentail.com/en-ae/dubai/shop,39
https://presentail.com/en-ae/dubai/weddings,47
https://presentail.com/en-ae/fujairah,44
https://presentail.com/en-ae/fujairah/brands,39
https://presentail.com/en-ae/fujairah/contact,43
https://presentail.com/en-ae/fujairah/corporate,42
https://presentail.com/en-ae/fujairah/faqs,40
https://presentail.com/en-ae/fujairah/occasions,41
https://presentail.com/en-ae/fujairah/shop,39
https://presentail.com/en-ae/fujairah/weddings,47
https://presentail.com/en-ae/ras-al-khaimah,48
https://presentail.com/en-ae/ras-al-khaimah/brands,43
https://presentail.com/en-ae/ras-al-khaimah/contact,47
https://presentail.com/en-ae/ras-al-khaimah/corporate,46
https://presentail.com/en-ae/ras-al-khaimah/faqs,44
https://presentail.com/en-ae/ras-al-khaimah/occasions,45
https://presentail.com/en-ae/ras-al-khaimah/shop,43
https://presentail.com/en-ae/ras-al-khaimah/weddings,51
https://presentail.com/en-ae/sharjah,44
https://presentail.com/en-ae/sharjah/brands,39
https://presentail.com/en-ae/sharjah/contact,43
https://presentail.com/en-ae/sharjah/corporate,42
https://presentail.com/en-ae/sharjah/faqs,40
https://presentail.com/en-ae/sharjah/occasions,41
https://presentail.com/en-ae/sharjah/shop,39
https://presentail.com/en-ae/sharjah/weddings,47
https://presentail.com/en-ae/umm-al-quwain,48
https://presentail.com/en-ae/umm-al-quwain/brands,43
https://presentail.com/en-ae/umm-al-quwain/contact,47
https://presentail.com/en-ae/umm-al-quwain/corporate,46
https://presentail.com/en-ae/umm-al-quwain/faqs,44
https://presentail.com/en-ae/umm-al-quwain/occasions,45
https://presentail.com/en-ae/umm-al-quwain/shop,43
https://presentail.com/en-ae/umm-al-quwain/weddings,51
https://presentail.com/en-cy/larnaca,44
https://presentail.com/en-cy/larnaca/brands,38
https://presentail.com/en-cy/larnaca/contact,43
https://presentail.com/en-cy/larnaca/corporate,42
https://presentail.com/en-cy/larnaca/faqs,40
https://presentail.com/en-cy/larnaca/occasions,40
https://presentail.com/en-cy/larnaca/shop,38
https://presentail.com/en-cy/larnaca/weddings,47
https://presentail.com/en-cy/limassol,44
https://presentail.com/en-cy/limassol/brands,38
https://presentail.com/en-cy/limassol/contact,43
https://presentail.com/en-cy/limassol/corporate,42
https://presentail.com/en-cy/limassol/faqs,40
https://presentail.com/en-cy/limassol/occasions,40
https://presentail.com/en-cy/limassol/shop,38
https://presentail.com/en-cy/limassol/weddings,47
https://presentail.com/en-cy/nicosia,44
https://presentail.com/en-cy/nicosia/brands,38
https://presentail.com/en-cy/nicosia/contact,43
https://presentail.com/en-cy/nicosia/corporate,42
https://presentail.com/en-cy/nicosia/faqs,40
https://presentail.com/en-cy/nicosia/occasions,40
https://presentail.com/en-cy/nicosia/shop,38
https://presentail.com/en-cy/nicosia/weddings,47
https://presentail.com/en-cy/paphos,44
https://presentail.com/en-cy/paphos/brands,38
https://presentail.com/en-cy/paphos/contact,43
https://presentail.com/en-cy/paphos/corporate,42
https://presentail.com/en-cy/paphos/faqs,40
https://presentail.com/en-cy/paphos/occasions,40
https://presentail.com/en-cy/paphos/shop,38
https://presentail.com/en-cy/paphos/weddings,47
https://presentail.com/en-lb/akkar,44
https://presentail.com/en-lb/akkar/brands,38
https://presentail.com/en-lb/akkar/contact,43
https://presentail.com/en-lb/akkar/corporate,42
https://presentail.com/en-lb/akkar/faqs,40
https://presentail.com/en-lb/akkar/occasions,40
https://presentail.com/en-lb/akkar/shop,38
https://presentail.com/en-lb/akkar/weddings,47
https://presentail.com/en-lb/aley,44
https://presentail.com/en-lb/aley/brands,38
https://presentail.com/en-lb/aley/contact,43
https://presentail.com/en-lb/aley/corporate,42
https://presentail.com/en-lb/aley/faqs,40
https://presentail.com/en-lb/aley/occasions,40
https://presentail.com/en-lb/aley/shop,38
https://presentail.com/en-lb/aley/weddings,47
https://presentail.com/en-lb/baabda,44
https://presentail.com/en-lb/baabda/brands,38
https://presentail.com/en-lb/baabda/contact,43
https://presentail.com/en-lb/baabda/corporate,42
https://presentail.com/en-lb/baabda/faqs,40
https://presentail.com/en-lb/baabda/occasions,40
https://presentail.com/en-lb/baabda/shop,38
https://presentail.com/en-lb/baabda/weddings,47
https://presentail.com/en-lb/baalbeck,44
https://presentail.com/en-lb/baalbeck/brands,38
https://presentail.com/en-lb/baalbeck/contact,43
https://presentail.com/en-lb/baalbeck/corporate,42
https://presentail.com/en-lb/baalbeck/faqs,40
https://presentail.com/en-lb/baalbeck/occasions,40
https://presentail.com/en-lb/baalbeck/shop,38
https://presentail.com/en-lb/baalbeck/weddings,47
https://presentail.com/en-lb/batroun,44
https://presentail.com/en-lb/batroun/brands,38
https://presentail.com/en-lb/batroun/contact,43
https://presentail.com/en-lb/batroun/corporate,42
https://presentail.com/en-lb/batroun/faqs,40
https://presentail.com/en-lb/batroun/occasions,40
https://presentail.com/en-lb/batroun/shop,38
https://presentail.com/en-lb/batroun/weddings,47
https://presentail.com/en-lb/bcharee,44
https://presentail.com/en-lb/bcharee/brands,38
https://presentail.com/en-lb/bcharee/contact,43
https://presentail.com/en-lb/bcharee/corporate,42
https://presentail.com/en-lb/bcharee/faqs,40
https://presentail.com/en-lb/bcharee/occasions,40
https://presentail.com/en-lb/bcharee/shop,38
https://presentail.com/en-lb/bcharee/weddings,47
https://presentail.com/en-lb/beirut,44
https://presentail.com/en-lb/beirut/brands,38
https://presentail.com/en-lb/beirut/contact,43
https://presentail.com/en-lb/beirut/corporate,42
https://presentail.com/en-lb/beirut/faqs,40
https://presentail.com/en-lb/beirut/occasions,40
https://presentail.com/en-lb/beirut/shop,38
https://presentail.com/en-lb/beirut/weddings,47
https://presentail.com/en-lb/bent-jbeil,46
https://presentail.com/en-lb/bent-jbeil/brands,40
https://presentail.com/en-lb/bent-jbeil/contact,45
https://presentail.com/en-lb/bent-jbeil/corporate,44
https://presentail.com/en-lb/bent-jbeil/faqs,42
https://presentail.com/en-lb/bent-jbeil/occasions,42
https://presentail.com/en-lb/bent-jbeil/shop,40
https://presentail.com/en-lb/bent-jbeil/weddings,49
https://presentail.com/en-lb/chouf,44
https://presentail.com/en-lb/chouf/brands,38
https://presentail.com/en-lb/chouf/contact,43
https://presentail.com/en-lb/chouf/corporate,42
https://presentail.com/en-lb/chouf/faqs,40
https://presentail.com/en-lb/chouf/occasions,40
https://presentail.com/en-lb/chouf/shop,38
https://presentail.com/en-lb/chouf/weddings,47
https://presentail.com/en-lb/hasbaya,44
https://presentail.com/en-lb/hasbaya/brands,38
https://presentail.com/en-lb/hasbaya/contact,43
https://presentail.com/en-lb/hasbaya/corporate,42
https://presentail.com/en-lb/hasbaya/faqs,40
https://presentail.com/en-lb/hasbaya/occasions,40
https://presentail.com/en-lb/hasbaya/shop,38
https://presentail.com/en-lb/hasbaya/weddings,47
https://presentail.com/en-lb/hermel,44
https://presentail.com/en-lb/hermel/brands,38
https://presentail.com/en-lb/hermel/contact,43
https://presentail.com/en-lb/hermel/corporate,42
https://presentail.com/en-lb/hermel/faqs,40
https://presentail.com/en-lb/hermel/occasions,40
https://presentail.com/en-lb/hermel/shop,38
https://presentail.com/en-lb/hermel/weddings,47
https://presentail.com/en-lb/jbeil,44
https://presentail.com/en-lb/jbeil/brands,38
https://presentail.com/en-lb/jbeil/contact,43
https://presentail.com/en-lb/jbeil/corporate,42
https://presentail.com/en-lb/jbeil/faqs,40
https://presentail.com/en-lb/jbeil/occasions,40
https://presentail.com/en-lb/jbeil/shop,38
https://presentail.com/en-lb/jbeil/weddings,47
https://presentail.com/en-lb/jezzine,44
https://presentail.com/en-lb/jezzine/brands,38
https://presentail.com/en-lb/jezzine/contact,43
https://presentail.com/en-lb/jezzine/corporate,42
https://presentail.com/en-lb/jezzine/faqs,40
https://presentail.com/en-lb/jezzine/occasions,40
https://presentail.com/en-lb/jezzine/shop,38
https://presentail.com/en-lb/jezzine/weddings,47
https://presentail.com/en-lb/kesserwan,44
https://presentail.com/en-lb/kesserwan/brands,38
https://presentail.com/en-lb/kesserwan/contact,43
https://presentail.com/en-lb/kesserwan/corporate,42
https://presentail.com/en-lb/kesserwan/faqs,40
https://presentail.com/en-lb/kesserwan/occasions,40
https://presentail.com/en-lb/kesserwan/shop,38
https://presentail.com/en-lb/kesserwan/weddings,47
https://presentail.com/en-lb/koura,44
https://presentail.com/en-lb/koura/brands,38
https://presentail.com/en-lb/koura/contact,43
https://presentail.com/en-lb/koura/corporate,42
https://presentail.com/en-lb/koura/faqs,40
https://presentail.com/en-lb/koura/occasions,40
https://presentail.com/en-lb/koura/shop,38
https://presentail.com/en-lb/koura/weddings,47
https://presentail.com/en-lb/marjayoun,44
https://presentail.com/en-lb/marjayoun/brands,38
https://presentail.com/en-lb/marjayoun/contact,43
https://presentail.com/en-lb/marjayoun/corporate,42
https://presentail.com/en-lb/marjayoun/faqs,40
https://presentail.com/en-lb/marjayoun/occasions,40
https://presentail.com/en-lb/marjayoun/shop,38
https://presentail.com/en-lb/marjayoun/weddings,47
https://presentail.com/en-lb/metn,44
https://presentail.com/en-lb/metn/brands,38
https://presentail.com/en-lb/metn/contact,43
https://presentail.com/en-lb/metn/corporate,42
https://presentail.com/en-lb/metn/faqs,40
https://presentail.com/en-lb/metn/occasions,40
https://presentail.com/en-lb/metn/shop,38
https://presentail.com/en-lb/metn/weddings,47
https://presentail.com/en-lb/minnieh-dennaya,46
https://presentail.com/en-lb/minnieh-dennaya/brands,40
https://presentail.com/en-lb/minnieh-dennaya/contact,45
https://presentail.com/en-lb/minnieh-dennaya/corporate,44
https://presentail.com/en-lb/minnieh-dennaya/faqs,42
https://presentail.com/en-lb/minnieh-dennaya/occasions,42
https://presentail.com/en-lb/minnieh-dennaya/shop,40
https://presentail.com/en-lb/minnieh-dennaya/weddings,49
https://presentail.com/en-lb/nabatieh,44
https://presentail.com/en-lb/nabatieh/brands,38
https://presentail.com/en-lb/nabatieh/contact,43
https://presentail.com/en-lb/nabatieh/corporate,42
https://presentail.com/en-lb/nabatieh/faqs,40
https://presentail.com/en-lb/nabatieh/occasions,40
https://presentail.com/en-lb/nabatieh/shop,38
https://presentail.com/en-lb/nabatieh/weddings,47
https://presentail.com/en-lb/rechaya,44
https://presentail.com/en-lb/rechaya/brands,38
https://presentail.com/en-lb/rechaya/contact,43
https://presentail.com/en-lb/rechaya/corporate,42
https://presentail.com/en-lb/rechaya/faqs,40
https://presentail.com/en-lb/rechaya/occasions,40
https://presentail.com/en-lb/rechaya/shop,38
https://presentail.com/en-lb/rechaya/weddings,47
https://presentail.com/en-lb/saida,44
https://presentail.com/en-lb/saida/brands,38
https://presentail.com/en-lb/saida/contact,43
https://presentail.com/en-lb/saida/corporate,42
https://presentail.com/en-lb/saida/faqs,40
https://presentail.com/en-lb/saida/occasions,40
https://presentail.com/en-lb/saida/shop,38
https://presentail.com/en-lb/saida/weddings,47
https://presentail.com/en-lb/tripoli,44
https://presentail.com/en-lb/tripoli/brands,38
https://presentail.com/en-lb/tripoli/contact,43
https://presentail.com/en-lb/tripoli/corporate,42
https://presentail.com/en-lb/tripoli/faqs,40
https://presentail.com/en-lb/tripoli/occasions,40
https://presentail.com/en-lb/tripoli/shop,38
https://presentail.com/en-lb/tripoli/weddings,47
https://presentail.com/en-lb/tyre,44
https://presentail.com/en-lb/tyre/brands,38
https://presentail.com/en-lb/tyre/contact,43
https://presentail.com/en-lb/tyre/corporate,42
https://presentail.com/en-lb/tyre/faqs,40
https://presentail.com/en-lb/tyre/occasions,40
https://presentail.com/en-lb/tyre/shop,38
https://presentail.com/en-lb/tyre/weddings,47
https://presentail.com/en-lb/west-bekaa,46
https://presentail.com/en-lb/west-bekaa/brands,40
https://presentail.com/en-lb/west-bekaa/contact,45
https://presentail.com/en-lb/west-bekaa/corporate,44
https://presentail.com/en-lb/west-bekaa/faqs,42
https://presentail.com/en-lb/west-bekaa/occasions,42
https://presentail.com/en-lb/west-bekaa/shop,40
https://presentail.com/en-lb/west-bekaa/weddings,49
https://presentail.com/en-lb/zahle,44
https://presentail.com/en-lb/zahle/brands,38
https://presentail.com/en-lb/zahle/contact,43
https://presentail.com/en-lb/zahle/corporate,42
https://presentail.com/en-lb/zahle/faqs,40
https://presentail.com/en-lb/zahle/occasions,40
https://presentail.com/en-lb/zahle/shop,38
https://presentail.com/en-lb/zahle/weddings,47
https://presentail.com/en-lb/zghorta,44
https://presentail.com/en-lb/zghorta/brands,38
https://presentail.com/en-lb/zghorta/contact,43
https://presentail.com/en-lb/zghorta/corporate,42
https://presentail.com/en-lb/zghorta/faqs,40
https://presentail.com/en-lb/zghorta/occasions,40
https://presentail.com/en-lb/zghorta/shop,38
https://presentail.com/en-lb/zghorta/weddings,47
https://presentail.com/fr-ae/abu-dhabi,50
https://presentail.com/fr-ae/abu-dhabi/brands,43
https://presentail.com/fr-ae/abu-dhabi/contact,48
https://presentail.com/fr-ae/abu-dhabi/corporate,45
https://presentail.com/fr-ae/abu-dhabi/faqs,42
https://presentail.com/fr-ae/abu-dhabi/occasions,43
https://presentail.com/fr-ae/abu-dhabi/shop,43
https://presentail.com/fr-ae/abu-dhabi/weddings,52
https://presentail.com/fr-ae/ajman,48
https://presentail.com/fr-ae/ajman/brands,41
https://presentail.com/fr-ae/ajman/contact,46
https://presentail.com/fr-ae/ajman/corporate,43
https://presentail.com/fr-ae/ajman/faqs,40
https://presentail.com/fr-ae/ajman/occasions,41
https://presentail.com/fr-ae/ajman/shop,41
https://presentail.com/fr-ae/ajman/weddings,50
https://presentail.com/fr-ae/dubai,48
https://presentail.com/fr-ae/dubai/brands,41
https://presentail.com/fr-ae/dubai/contact,46
https://presentail.com/fr-ae/dubai/corporate,43
https://presentail.com/fr-ae/dubai/faqs,40
https://presentail.com/fr-ae/dubai/occasions,41
https://presentail.com/fr-ae/dubai/shop,41
https://presentail.com/fr-ae/dubai/weddings,50
https://presentail.com/fr-ae/fujairah,48
https://presentail.com/fr-ae/fujairah/brands,41
https://presentail.com/fr-ae/fujairah/contact,46
https://presentail.com/fr-ae/fujairah/corporate,43
https://presentail.com/fr-ae/fujairah/faqs,40
https://presentail.com/fr-ae/fujairah/occasions,41
https://presentail.com/fr-ae/fujairah/shop,41
https://presentail.com/fr-ae/fujairah/weddings,50
https://presentail.com/fr-ae/ras-al-khaimah,52
https://presentail.com/fr-ae/ras-al-khaimah/brands,45
https://presentail.com/fr-ae/ras-al-khaimah/contact,50
https://presentail.com/fr-ae/ras-al-khaimah/corporate,47
https://presentail.com/fr-ae/ras-al-khaimah/faqs,44
https://presentail.com/fr-ae/ras-al-khaimah/occasions,45
https://presentail.com/fr-ae/ras-al-khaimah/shop,45
https://presentail.com/fr-ae/ras-al-khaimah/weddings,54
https://presentail.com/fr-ae/sharjah,48
https://presentail.com/fr-ae/sharjah/brands,41
https://presentail.com/fr-ae/sharjah/contact,46
https://presentail.com/fr-ae/sharjah/corporate,43
https://presentail.com/fr-ae/sharjah/faqs,40
https://presentail.com/fr-ae/sharjah/occasions,41
https://presentail.com/fr-ae/sharjah/shop,41
https://presentail.com/fr-ae/sharjah/weddings,50
https://presentail.com/fr-ae/umm-al-quwain,52
https://presentail.com/fr-ae/umm-al-quwain/brands,45
https://presentail.com/fr-ae/umm-al-quwain/contact,50
https://presentail.com/fr-ae/umm-al-quwain/corporate,47
https://presentail.com/fr-ae/umm-al-quwain/faqs,44
https://presentail.com/fr-ae/umm-al-quwain/occasions,45
https://presentail.com/fr-ae/umm-al-quwain/shop,45
https://presentail.com/fr-ae/umm-al-quwain/weddings,54
https://presentail.com/fr-cy/larnaca,48
https://presentail.com/fr-cy/larnaca/brands,39
https://presentail.com/fr-cy/larnaca/contact,46
https://presentail.com/fr-cy/larnaca/corporate,43
https://presentail.com/fr-cy/larnaca/faqs,40
https://presentail.com/fr-cy/larnaca/occasions,39
https://presentail.com/fr-cy/larnaca/shop,39
https://presentail.com/fr-cy/larnaca/weddings,50
https://presentail.com/fr-cy/limassol,48
https://presentail.com/fr-cy/limassol/brands,39
https://presentail.com/fr-cy/limassol/contact,46
https://presentail.com/fr-cy/limassol/corporate,43
https://presentail.com/fr-cy/limassol/faqs,40
https://presentail.com/fr-cy/limassol/occasions,39
https://presentail.com/fr-cy/limassol/shop,39
https://presentail.com/fr-cy/limassol/weddings,50
https://presentail.com/fr-cy/nicosia,48
https://presentail.com/fr-cy/nicosia/brands,39
https://presentail.com/fr-cy/nicosia/contact,46
https://presentail.com/fr-cy/nicosia/corporate,43
https://presentail.com/fr-cy/nicosia/faqs,40
https://presentail.com/fr-cy/nicosia/occasions,39
https://presentail.com/fr-cy/nicosia/shop,39
https://presentail.com/fr-cy/nicosia/weddings,50
https://presentail.com/fr-cy/paphos,48
https://presentail.com/fr-cy/paphos/brands,39
https://presentail.com/fr-cy/paphos/contact,46
https://presentail.com/fr-cy/paphos/corporate,43
https://presentail.com/fr-cy/paphos/faqs,40
https://presentail.com/fr-cy/paphos/occasions,39
https://presentail.com/fr-cy/paphos/shop,39
https://presentail.com/fr-cy/paphos/weddings,50
https://presentail.com/fr-lb/akkar,48
https://presentail.com/fr-lb/akkar/brands,39
https://presentail.com/fr-lb/akkar/contact,46
https://presentail.com/fr-lb/akkar/corporate,43
https://presentail.com/fr-lb/akkar/faqs,40
https://presentail.com/fr-lb/akkar/occasions,39
https://presentail.com/fr-lb/akkar/shop,39
https://presentail.com/fr-lb/akkar/weddings,50
https://presentail.com/fr-lb/aley,48
https://presentail.com/fr-lb/aley/brands,39
https://presentail.com/fr-lb/aley/contact,46
https://presentail.com/fr-lb/aley/corporate,43
https://presentail.com/fr-lb/aley/faqs,40
https://presentail.com/fr-lb/aley/occasions,39
https://presentail.com/fr-lb/aley/shop,39
https://presentail.com/fr-lb/aley/weddings,50
https://presentail.com/fr-lb/baabda,48
https://presentail.com/fr-lb/baabda/brands,39
https://presentail.com/fr-lb/baabda/contact,46
https://presentail.com/fr-lb/baabda/corporate,43
https://presentail.com/fr-lb/baabda/faqs,40
https://presentail.com/fr-lb/baabda/occasions,39
https://presentail.com/fr-lb/baabda/shop,39
https://presentail.com/fr-lb/baabda/weddings,50
https://presentail.com/fr-lb/baalbeck,48
https://presentail.com/fr-lb/baalbeck/brands,39
https://presentail.com/fr-lb/baalbeck/contact,46
https://presentail.com/fr-lb/baalbeck/corporate,43
https://presentail.com/fr-lb/baalbeck/faqs,40
https://presentail.com/fr-lb/baalbeck/occasions,39
https://presentail.com/fr-lb/baalbeck/shop,39
https://presentail.com/fr-lb/baalbeck/weddings,50
https://presentail.com/fr-lb/batroun,48
https://presentail.com/fr-lb/batroun/brands,39
https://presentail.com/fr-lb/batroun/contact,46
https://presentail.com/fr-lb/batroun/corporate,43
https://presentail.com/fr-lb/batroun/faqs,40
https://presentail.com/fr-lb/batroun/occasions,39
https://presentail.com/fr-lb/batroun/shop,39
https://presentail.com/fr-lb/batroun/weddings,50
https://presentail.com/fr-lb/bcharee,48
https://presentail.com/fr-lb/bcharee/brands,39
https://presentail.com/fr-lb/bcharee/contact,46
https://presentail.com/fr-lb/bcharee/corporate,43
https://presentail.com/fr-lb/bcharee/faqs,40
https://presentail.com/fr-lb/bcharee/occasions,39
https://presentail.com/fr-lb/bcharee/shop,39
https://presentail.com/fr-lb/bcharee/weddings,50
https://presentail.com/fr-lb/beirut,48
https://presentail.com/fr-lb/beirut/brands,39
https://presentail.com/fr-lb/beirut/contact,46
https://presentail.com/fr-lb/beirut/corporate,43
https://presentail.com/fr-lb/beirut/faqs,40
https://presentail.com/fr-lb/beirut/occasions,39
https://presentail.com/fr-lb/beirut/shop,39
https://presentail.com/fr-lb/beirut/weddings,50
https://presentail.com/fr-lb/bent-jbeil,50
https://presentail.com/fr-lb/bent-jbeil/brands,41
https://presentail.com/fr-lb/bent-jbeil/contact,48
https://presentail.com/fr-lb/bent-jbeil/corporate,45
https://presentail.com/fr-lb/bent-jbeil/faqs,42
https://presentail.com/fr-lb/bent-jbeil/occasions,41
https://presentail.com/fr-lb/bent-jbeil/shop,41
https://presentail.com/fr-lb/bent-jbeil/weddings,52
https://presentail.com/fr-lb/chouf,48
https://presentail.com/fr-lb/chouf/brands,39
https://presentail.com/fr-lb/chouf/contact,46
https://presentail.com/fr-lb/chouf/corporate,43
https://presentail.com/fr-lb/chouf/faqs,40
https://presentail.com/fr-lb/chouf/occasions,39
https://presentail.com/fr-lb/chouf/shop,39
https://presentail.com/fr-lb/chouf/weddings,50
https://presentail.com/fr-lb/hasbaya,48
https://presentail.com/fr-lb/hasbaya/brands,39
https://presentail.com/fr-lb/hasbaya/contact,46
https://presentail.com/fr-lb/hasbaya/corporate,43
https://presentail.com/fr-lb/hasbaya/faqs,40
https://presentail.com/fr-lb/hasbaya/occasions,39
https://presentail.com/fr-lb/hasbaya/shop,39
https://presentail.com/fr-lb/hasbaya/weddings,50
https://presentail.com/fr-lb/hermel,48
https://presentail.com/fr-lb/hermel/brands,39
https://presentail.com/fr-lb/hermel/contact,46
https://presentail.com/fr-lb/hermel/corporate,43
https://presentail.com/fr-lb/hermel/faqs,40
https://presentail.com/fr-lb/hermel/occasions,39
https://presentail.com/fr-lb/hermel/shop,39
https://presentail.com/fr-lb/hermel/weddings,50
https://presentail.com/fr-lb/jbeil,48
https://presentail.com/fr-lb/jbeil/brands,39
https://presentail.com/fr-lb/jbeil/contact,46
https://presentail.com/fr-lb/jbeil/corporate,43
https://presentail.com/fr-lb/jbeil/faqs,40
https://presentail.com/fr-lb/jbeil/occasions,39
https://presentail.com/fr-lb/jbeil/shop,39
https://presentail.com/fr-lb/jbeil/weddings,50
https://presentail.com/fr-lb/jezzine,48
https://presentail.com/fr-lb/jezzine/brands,39
https://presentail.com/fr-lb/jezzine/contact,46
https://presentail.com/fr-lb/jezzine/corporate,43
https://presentail.com/fr-lb/jezzine/faqs,40
https://presentail.com/fr-lb/jezzine/occasions,39
https://presentail.com/fr-lb/jezzine/shop,39
https://presentail.com/fr-lb/jezzine/weddings,50
https://presentail.com/fr-lb/kesserwan,48
https://presentail.com/fr-lb/kesserwan/brands,39
https://presentail.com/fr-lb/kesserwan/contact,46
https://presentail.com/fr-lb/kesserwan/corporate,43
https://presentail.com/fr-lb/kesserwan/faqs,40
https://presentail.com/fr-lb/kesserwan/occasions,39
https://presentail.com/fr-lb/kesserwan/shop,39
https://presentail.com/fr-lb/kesserwan/weddings,50
https://presentail.com/fr-lb/koura,48
https://presentail.com/fr-lb/koura/brands,39
https://presentail.com/fr-lb/koura/contact,46
https://presentail.com/fr-lb/koura/corporate,43
https://presentail.com/fr-lb/koura/faqs,40
https://presentail.com/fr-lb/koura/occasions,39
https://presentail.com/fr-lb/koura/shop,39
https://presentail.com/fr-lb/koura/weddings,50
https://presentail.com/fr-lb/marjayoun,48
https://presentail.com/fr-lb/marjayoun/brands,39
https://presentail.com/fr-lb/marjayoun/contact,46
https://presentail.com/fr-lb/marjayoun/corporate,43
https://presentail.com/fr-lb/marjayoun/faqs,40
https://presentail.com/fr-lb/marjayoun/occasions,39
https://presentail.com/fr-lb/marjayoun/shop,39
https://presentail.com/fr-lb/marjayoun/weddings,50
https://presentail.com/fr-lb/metn,48
https://presentail.com/fr-lb/metn/brands,39
https://presentail.com/fr-lb/metn/contact,46
https://presentail.com/fr-lb/metn/corporate,43
https://presentail.com/fr-lb/metn/faqs,40
https://presentail.com/fr-lb/metn/occasions,39
https://presentail.com/fr-lb/metn/shop,39
https://presentail.com/fr-lb/metn/weddings,50
https://presentail.com/fr-lb/minnieh-dennaya,50
https://presentail.com/fr-lb/minnieh-dennaya/brands,41
https://presentail.com/fr-lb/minnieh-dennaya/contact,48
https://presentail.com/fr-lb/minnieh-dennaya/corporate,45
https://presentail.com/fr-lb/minnieh-dennaya/faqs,42
https://presentail.com/fr-lb/minnieh-dennaya/occasions,41
https://presentail.com/fr-lb/minnieh-dennaya/shop,41
https://presentail.com/fr-lb/minnieh-dennaya/weddings,52
https://presentail.com/fr-lb/nabatieh,48
https://presentail.com/fr-lb/nabatieh/brands,39
https://presentail.com/fr-lb/nabatieh/contact,46
https://presentail.com/fr-lb/nabatieh/corporate,43
https://presentail.com/fr-lb/nabatieh/faqs,40
https://presentail.com/fr-lb/nabatieh/occasions,39
https://presentail.com/fr-lb/nabatieh/shop,39
https://presentail.com/fr-lb/nabatieh/weddings,50
https://presentail.com/fr-lb/rechaya,48
https://presentail.com/fr-lb/rechaya/brands,39
https://presentail.com/fr-lb/rechaya/contact,46
https://presentail.com/fr-lb/rechaya/corporate,43
https://presentail.com/fr-lb/rechaya/faqs,40
https://presentail.com/fr-lb/rechaya/occasions,39
https://presentail.com/fr-lb/rechaya/shop,39
https://presentail.com/fr-lb/rechaya/weddings,50
https://presentail.com/fr-lb/saida,48
https://presentail.com/fr-lb/saida/brands,39
https://presentail.com/fr-lb/saida/contact,46
https://presentail.com/fr-lb/saida/corporate,43
https://presentail.com/fr-lb/saida/faqs,40
https://presentail.com/fr-lb/saida/occasions,39
https://presentail.com/fr-lb/saida/shop,39
https://presentail.com/fr-lb/saida/weddings,50
https://presentail.com/fr-lb/tripoli,48
https://presentail.com/fr-lb/tripoli/brands,39
https://presentail.com/fr-lb/tripoli/contact,46
https://presentail.com/fr-lb/tripoli/corporate,43
https://presentail.com/fr-lb/tripoli/faqs,40
https://presentail.com/fr-lb/tripoli/occasions,39
https://presentail.com/fr-lb/tripoli/shop,39
https://presentail.com/fr-lb/tripoli/weddings,50
https://presentail.com/fr-lb/tyre,48
https://presentail.com/fr-lb/tyre/brands,39
https://presentail.com/fr-lb/tyre/contact,46
https://presentail.com/fr-lb/tyre/corporate,43
https://presentail.com/fr-lb/tyre/faqs,40
https://presentail.com/fr-lb/tyre/occasions,39
https://presentail.com/fr-lb/tyre/shop,39
https://presentail.com/fr-lb/tyre/weddings,50
https://presentail.com/fr-lb/west-bekaa,50
https://presentail.com/fr-lb/west-bekaa/brands,41
https://presentail.com/fr-lb/west-bekaa/contact,48
https://presentail.com/fr-lb/west-bekaa/corporate,45
https://presentail.com/fr-lb/west-bekaa/faqs,42
https://presentail.com/fr-lb/west-bekaa/occasions,41
https://presentail.com/fr-lb/west-bekaa/shop,41
https://presentail.com/fr-lb/west-bekaa/weddings,52
https://presentail.com/fr-lb/zahle,48
https://presentail.com/fr-lb/zahle/brands,39
https://presentail.com/fr-lb/zahle/contact,46
https://presentail.com/fr-lb/zahle/corporate,43
https://presentail.com/fr-lb/zahle/faqs,40
https://presentail.com/fr-lb/zahle/occasions,39
https://presentail.com/fr-lb/zahle/shop,39
https://presentail.com/fr-lb/zahle/weddings,50
https://presentail.com/fr-lb/zghorta,48
https://presentail.com/fr-lb/zghorta/brands,39
https://presentail.com/fr-lb/zghorta/contact,46
https://presentail.com/fr-lb/zghorta/corporate,43
https://presentail.com/fr-lb/zghorta/faqs,40
https://presentail.com/fr-lb/zghorta/occasions,39
https://presentail.com/fr-lb/zghorta/shop,39
https://presentail.com/fr-lb/zghorta/weddings,50